HLA,peptide,label
HLA-A*68:01,EVNLGLFG,0
HLA-B*50:01,MEALPLLAA,1
HLA-C*14:03,PCSSRIRE,0
HLA-B*40:02,KNTDVQAAR,0
HLA-A*24:07,FEHKSAVSPDV,0
HLA-C*16:01,KSSSIYSI,1
HLA-A*02:01,FLRDGWEIV,1
HLA-B*57:03,KDLIKEIRGC,0
HLA-B*40:06,HWRGEALRE,0
HLA-B*15:10,SGPHVLPIEK,0
HLA-A*01:01,DKSIDNKALY,1
HLA-B*46:01,LQVEHPCTEM,1
HLA-B*15:01,QATLPNQPVEK,0
HLA-A*32:01,LPKARAAL,0
HLA-B*27:09,YANLDAWQKTQV,0
HLA-B*58:02,KSTSLTFHW,1
HLA-B*27:05,QLTDHHPQTNPS,0
HLA-B*52:01,RQFEITSV,1
HLA-A*02:05,LEQLDERWR,0
HLA-B*40:01,NIDPLHVI,0
HLA-B*27:08,RRFVEVGRVAY,1
HLA-C*03:04,LMAAEIPN,0
HLA-B*07:02,QQQQPALQG,0
HLA-C*05:01,GASTSTSADQSTI,0
HLA-C*16:01,LFIIAGFNTL,1
HLA-B*27:04,HRLPPVTSF,1
HLA-A*02:06,LGQGLIQSA,0
HLA-B*57:03,VWKYQRYHFI,0
HLA-B*49:01,FDSGLHPAVKV,0
HLA-B*40:02,VIKDLVPDLS,0
HLA-B*07:02,WWIQVTSL,0
HLA-A*02:01,QEEWQWLAPAQRDL,0
HLA-A*24:02,PHRPTDMDEIPDI,0
HLA-A*29:02,ASKDIIDRT,0
HLA-B*53:01,RAEDDAKKKKVLSN,0
HLA-B*38:01,GLVEAVEST,0
HLA-A*32:01,MHFSKWAVSS,0
HLA-B*38:02,GTEICNYSYS,0
HLA-B*57:03,KTKVEPYSL,1
HLA-B*42:01,APHSSCHICT,0
HLA-C*15:02,NRLLESQLQ,0
HLA-B*08:01,HVFLRTTGRQS,0
HLA-A*29:02,AESHRPPEL,0
HLA-A*25:01,TNSPVELRE,0
HLA-C*12:03,KLIKMFISPNTA,0
HLA-B*38:02,DMTAKAYLK,0
HLA-B*44:02,GENIKQANW,1
HLA-B*44:03,IEDLISMHVRR,0
HLA-A*11:02,EMGSEHVS,0
HLA-B*53:01,IINVDLTE,0
HLA-A*30:01,ITKPKVISK,1
HLA-C*03:04,SDTRILWAAAEVLS,0
HLA-B*51:08,VMYAIETKTVEI,0
HLA-A*02:01,KSLHGKAIKVEQA,0
HLA-A*34:02,CVHAYLSGQP,0
HLA-A*33:03,DAIAAQLL,0
HLA-A*32:01,KVDQNRVRY,1
HLA-B*56:01,VPNAGILPLV,1
HLA-C*03:03,KKQNTGSKKS,0
HLA-C*16:01,RIVRNAHGNKT,0
HLA-B*45:01,VGHIIPFLIFG,0
HLA-A*23:01,GDVACTKIA,0
HLA-B*35:01,TDFGDANEIFIEKA,0
HLA-C*03:02,FPTSWELSER,0
HLA-C*03:04,QKLHCTNLVS,0
HLA-C*06:02,AYTQLLTEM,0
HLA-A*02:01,FLPESVAVV,1
HLA-A*11:01,EEEEEEEEEEN,0
HLA-B*49:01,MAGALEGD,0
HLA-B*38:02,QDRLIISTP,0
HLA-C*08:02,FTDVPSIQI,1
HLA-B*15:03,GKPFRQPCY,1
HLA-A*30:02,NGAIAAGDII,0
HLA-B*44:03,GVTGRFTFTLYLET,0
HLA-A*02:02,FSYLLKQKD,0
HLA-B*27:01,PPINEEMLR,0
HLA-C*14:02,SSHGSSSS,0
HLA-B*27:06,KRFHATVSF,1
HLA-B*13:02,QVSTHEQSE,1
HLA-B*40:02,DCGFKVFASAVQ,0
HLA-A*32:01,ELRWNATYFDY,0
HLA-B*40:02,QELDPAGHKSL,1
HLA-C*14:03,PTIYSTSVTD,0
HLA-A*02:05,MIPLLLAAL,1
HLA-C*02:02,RNTTARAFAVV,0
HLA-C*06:02,KQPAPEPPKPYSLV,1
HLA-A*11:01,LAERAGDLAALGLV,0
HLA-B*40:06,NLDKRELNE,0
HLA-B*27:05,MEPQHSEQSLFL,0
HLA-B*35:07,NLMFLYTIFI,0
HLA-B*44:03,SQDKEGSFAVP,0
HLA-B*35:03,DPGFFSNKHDT,0
HLA-A*02:03,CTEIFDYLSL,0
HLA-A*02:01,FLLQLHWRL,1
HLA-B*27:09,ARHEFEELFRL,1
HLA-A*32:01,ACNTASTVVLPAL,0
HLA-B*13:01,GYSVKCEYSAHKE,0
HLA-A*68:01,ETYDSSSLPA,0
HLA-B*35:07,IDTEKTKA,0
HLA-B*44:09,IVADNIHGETG,0
HLA-B*13:01,RLTHLIDHL,1
HLA-C*16:01,FSASHRLY,1
HLA-B*40:02,GLMAQMATT,0
HLA-C*08:02,NYREILRNGLHSLQ,0
HLA-B*57:03,FSNGPSSSSSSSLA,0
HLA-A*02:02,LGMGIVDQDL,0
HLA-B*56:01,YKCDQGQADPV,0
HLA-C*08:01,HLMAAEIPNIK,0
HLA-B*08:01,FPHLREEIL,1
HLA-B*52:01,HPHRYVLDAA,0
HLA-A*23:01,VPAINVNDSVTK,1
HLA-B*53:01,VVFVNSKSLSS,0
HLA-B*57:01,KDTRISGYMFE,0
HLA-A*33:01,KSDLRLIEVT,0
HLA-B*49:01,CQKLCQMLADN,0
HLA-C*14:03,SYQRFTDCY,1
HLA-A*33:01,RDALTAEKS,0
HLA-B*38:01,EQKNTKEKDLS,0
HLA-B*15:10,HPYEALEAQLP,0
HLA-B*35:07,NTGETKDEFQ,0
HLA-B*40:02,QEHTPVAL,1
HLA-A*02:01,QKGDTNTQ,0
HLA-B*55:02,EKSNGELSES,0
HLA-B*55:02,EVKDPNMKGA,0
HLA-B*07:02,SCHFQTLRD,0
HLA-B*39:01,KAEVAPEE,0
HLA-A*02:05,QLNPCKNIL,0
HLA-A*02:01,MLGYTIVVAIL,0
HLA-A*33:03,QPFLKKWYR,1
HLA-A*02:01,SYVTNVWGWAFEWY,0
HLA-A*34:02,MDLSGILEQ,0
HLA-A*02:02,RRRRRRRAA,0
HLA-C*14:03,GDSSSVGKV,0
HLA-B*15:03,AQFKGTQSL,1
HLA-A*30:01,TATLRHDADGQ,0
HLA-B*57:01,YPPPNPGYPGG,0
HLA-B*27:09,SRLGLPLLLMPEEA,1
HLA-B*35:07,FHILFVPRR,0
HLA-A*33:01,YDSFCSNG,0
HLA-B*27:06,DGGYPNKIKRP,0
HLA-B*57:03,QATNQIVM,0
HLA-A*02:06,QDKVRMLTG,0
HLA-A*11:02,FWGETFQN,0
HLA-A*02:02,DICKFFLKVSE,0
HLA-A*02:07,SQSDEKDQDAI,0
HLA-A*03:01,PNLHAIEM,0
HLA-A*34:02,KTVQAAPPAL,0
HLA-B*38:02,SALELFFI,0
HLA-B*40:02,GEFVDDYTV,1
HLA-A*01:01,TSDFIPRLVY,1
HLA-A*11:02,TYTLATEEAE,0
HLA-C*07:02,PSLPTPLLRPS,0
HLA-B*08:01,EPKLKYERL,1
HLA-B*42:01,PIFHKNVF,0
HLA-B*44:02,QEQESEAQRY,1
HLA-B*38:02,SKLKMLEKL,0
HLA-C*04:01,GSSRDLHGSQGSLA,0
HLA-C*04:03,HTCWVMYG,0
HLA-A*02:05,YLADIFTKL,1
HLA-A*02:03,PVTQVFENP,0
HLA-B*51:01,LVREIAQDF,1
HLA-A*34:02,LTRGDLSSIR,0
HLA-C*04:01,ACTLPKELRGKD,0
HLA-B*57:01,VNRILIPMINE,0
HLA-B*27:05,QRQSILILK,1
HLA-C*17:01,ERLRLNEKF,0
HLA-B*56:01,FVPPLAEDLL,0
HLA-B*55:02,KEGKYKQA,0
HLA-B*08:01,NEHSNLEELFQKHK,0
HLA-A*02:07,TDVATDFKPELAK,0
HLA-B*35:01,LLEEIKDD,0
HLA-A*24:07,GGTLHPNP,0
HLA-A*02:01,PWHRSKLR,0
HLA-C*08:01,KTEREQKNSL,0
HLA-C*04:01,SVPLAATSM,1
HLA-B*38:02,KVESKCETEK,0
HLA-A*68:02,YNKRGITEAVHIKN,0
HLA-B*13:02,NYKDPLTGD,0
HLA-A*02:02,CSQVGLCM,0
HLA-A*30:02,SDDGTVRIWD,0
HLA-B*15:17,LWLYTHPLIKL,0
HLA-B*14:02,YAGPEAAAPGL,0
HLA-A*02:07,SIQTLAPAGGTLL,1
HLA-B*15:02,HMFTNHIVF,1
HLA-A*33:03,TKHNDDEQYA,0
HLA-B*40:06,GNVTKEEVTMR,0
HLA-A*33:01,AQLQKGMVKEA,0
HLA-C*16:01,AKGRVAERSQ,0
HLA-B*57:03,LPGIGIALALVAVF,0
HLA-B*55:02,TPMQYKAMQAA,0
HLA-C*01:02,DSSAKGFD,0
HLA-A*74:01,KMQDVDLFIKR,1
HLA-B*15:10,NSISALLQN,0
HLA-A*02:01,VMPEGADTV,1
HLA-A*30:02,TQMPQVHTPKTDDS,0
HLA-A*02:01,LQLGFSTGV,1
HLA-B*13:02,QRSLYRKT,0
HLA-B*27:07,GGTTQYTVNNQMVN,0
HLA-A*29:02,FVAPATGAHNY,1
HLA-B*13:01,VLQDASYVVSV,0
HLA-A*02:11,ERPGEQSQGT,0
HLA-A*33:01,QTNGSNVPF,0
HLA-B*27:09,FGARIIGSYGT,0
HLA-B*40:02,TYIRSGTYS,0
HLA-B*57:01,QNVYQKES,0
HLA-B*44:03,EENLQVMRF,1
HLA-A*34:01,NWGYRVALR,0
HLA-B*35:07,QDASLPPQQ,0
HLA-A*11:02,SSVGSVITKK,1
HLA-B*40:01,REYQLNDSA,0
HLA-B*15:01,EFRTIYLNTL,0
HLA-A*29:02,DRATGQPIHNAI,0
HLA-C*04:03,YGFEEADL,0
HLA-A*29:02,PCEASSKTVVY,0
HLA-C*03:04,ADRMRIGFSCP,0
HLA-A*34:01,RHRRYKHTH,0
HLA-A*66:01,LMAPRSAKPALLK,0
HLA-B*13:01,EGASDTER,0
HLA-B*57:01,RHSEELKR,0
HLA-A*02:01,RRLATPNTCPN,0
HLA-A*02:01,SLPDIKVYL,1
HLA-B*27:02,VKEPETRYSVL,0
HLA-B*13:01,FNCRLVDL,0
HLA-C*16:01,SDASHGQS,0
HLA-A*34:02,AETRAGLTLK,0
HLA-C*17:01,EAGITGQDL,0
HLA-A*66:01,VDKYQHYEDAS,0
HLA-B*46:01,IVKPGLPSF,1
HLA-B*38:01,CHDVYRATF,1
HLA-A*36:01,CFLGGVKPE,0
HLA-B*08:01,NPPKAYKSNN,0
HLA-B*38:01,LRRLLYVSC,0
HLA-B*40:02,IEVAEQKMNSELSL,0
HLA-B*15:01,AKIEATQKL,0
HLA-B*18:03,GRCAEAPDPGRL,0
HLA-A*02:04,LATTEGPHESLQH,0
HLA-A*25:01,RGRGVGPPR,0
HLA-B*15:10,EEEEIPVLEY,0
HLA-C*16:01,IVNMDAPYP,0
HLA-B*07:02,QFQPTRSTELDSNW,0
HLA-C*03:03,SCCQNIDQ,0
HLA-A*74:01,VRYFLDKT,0
HLA-A*02:04,SLPVIAAPSMW,0
HLA-A*02:06,NMMEQKKRVS,0
HLA-C*16:01,KDSCVKAD,0
HLA-C*12:03,IAVGTVIRY,1
HLA-A*23:01,TKESGNSIVL,0
HLA-B*35:07,SVMGCESP,0
HLA-C*17:01,AAAWPLLL,1
HLA-B*15:03,ADAENLIYTAD,0
HLA-A*68:01,FKIHASISKGD,0
HLA-C*05:01,ENSDGETSNHRL,0
HLA-A*02:02,LAPWANQID,0
HLA-B*15:03,TGNTEGSVLK,0
HLA-C*03:03,LACMGLAI,0
HLA-B*42:01,NTSGTRKSE,0
HLA-C*03:02,LAREFLAAM,1
HLA-B*15:17,LSVHQLVENTD,0
HLA-A*29:02,SDLIVLGLPWKTT,0
HLA-B*57:01,YTDNLVRVW,1
HLA-A*02:01,LKKYIKDIVKK,0
HLA-B*57:03,LEKKARLKE,0
HLA-A*02:02,ASSTKSTE,0
HLA-C*02:02,GLPPTCTPSLVSR,0
HLA-B*15:10,YCHTSPFLGS,0
HLA-A*11:01,KGGFSFGN,0
HLA-A*24:02,HETLDELTTRL,0
HLA-B*42:01,KAPISPKKRVR,0
HLA-A*02:06,ARNGFVRSY,0
HLA-A*02:03,KDFYDKIEA,0
HLA-A*30:02,RFYSGSATLS,0
HLA-B*13:02,LKKKEECMKKI,0
HLA-B*13:01,QRLQLCYQLT,0
HLA-B*14:02,QWKVRRTLAFS,0
HLA-B*27:03,SPPVAISQINKPP,0
HLA-C*03:02,QVLQLKMSNI,0
HLA-A*33:03,PASNPKFSSR,0
HLA-A*36:01,CVVLYATHQ,0
HLA-B*57:01,LILKYGMHQNTLR,0
HLA-A*02:01,AWRIVNDTYRTDLC,0
HLA-B*07:02,PVEVAYKRGL,0
HLA-C*06:02,ADIWVRFQRM,0
HLA-B*38:01,DHYKPGSSETL,1
HLA-B*38:02,SHVRPDRQTL,1
HLA-C*04:03,YLNENPLRAL,1
HLA-A*02:02,KDVRRGNVAG,0
HLA-A*33:01,QEVLATAHEVADHA,0
HLA-A*33:03,LDVTQRALYVE,0
HLA-A*74:01,KSSAVLAWLK,0
HLA-B*27:03,HDPRDSTCL,0
HLA-C*14:02,MYGLRNLEEL,0
HLA-A*29:02,FSVSVYNRSPAKT,0
HLA-A*30:01,NLRFPLPC,0
HLA-A*24:07,SAGWDAKLL,0
HLA-A*02:02,VQQRNLGVS,0
HLA-C*02:02,MAFTQEEW,0
HLA-B*42:01,KQINFPTNLIRL,0
HLA-C*03:03,NAFVQKANDE,0
HLA-B*54:01,GAGTPLPW,0
HLA-C*14:03,DKMIEAIKE,0
HLA-A*34:02,TTLGPERAMS,0
HLA-B*35:02,TCDKKFRTQFYIDW,0
HLA-B*41:01,KRRLRSPRV,0
HLA-B*55:02,RGASVDDFLK,0
HLA-B*51:01,GRLATTLWLRLRGW,0
HLA-B*27:05,VSIGKQLCKSVVL,0
HLA-B*13:01,DPRGVPLMAF,0
HLA-B*13:02,TRRGRKVVL,0
HLA-C*14:02,KGVMMHHS,0
HLA-A*24:02,IDPILRGLMAT,0
HLA-A*32:01,EEVTKFVH,0
HLA-C*06:02,VIHGVDVIN,0
HLA-B*13:01,STLQRLDLSQN,0
HLA-A*33:03,AKQFHETAEPI,0
HLA-B*57:03,QVVQLEQVYL,1
HLA-C*07:02,AGFPQAVFM,0
HLA-A*11:01,PFYALSPGTLDTR,0
HLA-C*07:02,KVVGRHDGLMY,0
HLA-A*02:11,KTASINQNV,1
HLA-A*02:01,YLGKTVTNA,1
HLA-A*11:02,PQEQGVSVVS,0
HLA-C*04:01,SMRPVVLV,0
HLA-A*32:01,DNGTALPPDAARLT,0
HLA-A*02:07,APSQPGAYQ,0
HLA-B*37:01,VAWRDRLP,0
HLA-A*02:06,DRQFQYIAI,0
HLA-B*44:02,EQEPQPDD,0
HLA-B*27:01,RPKQKPKN,0
HLA-A*23:01,ESRTLAWSNIAKLQ,0
HLA-A*29:02,NSMLVSIVGMALY,1
HLA-C*05:01,RMASSGMTRR,0
HLA-A*32:01,CPCPGSPG,0
HLA-A*02:06,RAGGSSRAERC,0
HLA-C*08:01,AEEDDSDV,0
HLA-B*38:02,NAVAFADIS,0
HLA-B*58:01,AGEVVHQQFLF,0
HLA-A*02:01,ESIGLQQYE,0
HLA-A*34:01,LFVVMEYLA,0
HLA-A*29:02,ATPSHDAKGGGSS,0
HLA-B*46:01,EQSGELGGLTR,0
HLA-A*24:02,ATVTAYMEIGQV,0
HLA-C*15:02,SFVNKQPTLQA,0
HLA-B*15:02,MDDEDDED,0
HLA-B*57:03,PPGAAGEHAATEGR,0
HLA-B*53:01,ILRKNNITKDG,0
HLA-A*02:06,HLVEIDFRC,0
HLA-A*23:01,KYPQLLPGI,1
HLA-B*57:01,MTISCAIVPK,0
HLA-A*02:07,ALDVPHAEL,1
HLA-B*13:02,RKDLASAI,0
HLA-B*40:06,TLILLDRLCYL,0
HLA-A*02:02,LFLPFEDDLRRDLG,0
HLA-A*02:07,ERVDQLATAA,0
HLA-B*57:03,ERYRYLRPC,0
HLA-A*02:06,LQQGTNCLDT,0
HLA-B*38:01,HSPHGELK,0
HLA-A*02:02,PEGSSKSEQD,0
HLA-A*29:02,HLPPPEEEPLVLM,0
HLA-A*68:01,DQDLEAIRKQ,0
HLA-A*33:03,ETAGRTPKLAR,1
HLA-C*07:04,FSAGIGDVL,0
HLA-B*15:01,RTEYSDKTTQFPSV,0
HLA-A*11:01,DLDEAARMVV,0
HLA-B*57:01,AQNALRRV,0
HLA-B*57:01,RTFVPIPVWF,1
HLA-B*07:02,LPLAVGIAF,1
HLA-A*29:02,KMNKRQLYY,1
HLA-A*02:07,QPAPADGHVRLQ,0
HLA-C*08:02,EHEKEVLQ,0
HLA-A*74:01,SENIFTSAKVT,0
HLA-A*29:02,RWSKSYFREWLY,1
HLA-B*40:02,KLEEMGFKDTD,0
HLA-A*11:01,WQQVLAVDARYN,0
HLA-B*57:03,MVSKLDLTDAK,0
HLA-B*15:17,VNITIKQHTVT,0
HLA-B*57:01,FILDTREDSFVWYM,0
HLA-B*50:01,EMDQRDAITKM,0
HLA-B*38:01,RKKSVITY,0
HLA-B*15:17,ANSWKKLGDVPV,0
HLA-C*14:03,SGEIPGLFMED,0
HLA-B*27:02,FKERRSAPFF,0
HLA-B*13:02,EEVHDLERK,0
HLA-B*57:01,QRHSSKPVLPTSGW,1
HLA-B*42:01,EDMNEEFED,0
HLA-B*57:01,NKIRPIKASVI,0
HLA-C*06:02,FQGCENNL,0
HLA-B*40:06,IAPLPLPSEFL,0
HLA-A*11:01,QICDTYNQK,1
HLA-B*27:01,ARVLKLFGY,1
HLA-B*27:05,KDKYQLASGQ,0
HLA-B*15:02,QDEQCAVEE,0
HLA-B*27:02,AQYSLPGILHF,1
HLA-A*33:01,IKSINNNT,0
HLA-B*13:02,TQILQTVRI,1
HLA-C*02:02,PKSDGKNS,0
HLA-B*40:02,TLNSIQVLCKANCC,0
HLA-B*15:01,LPKLPIPYITI,0
HLA-C*06:02,ITAKLTQISS,0
HLA-C*06:02,PVTVSEGEYVQ,0
HLA-C*05:01,FEQFHYQYFCP,0
HLA-B*13:01,NYFQFLNNLLK,0
HLA-B*55:02,SDSSNHCM,0
HLA-B*40:02,KTEWLCLNCQT,0
HLA-A*30:01,EISNLKNLV,0
HLA-B*58:01,EGSGDQVDTLEL,0
HLA-A*02:05,DGVKVIQQS,0
HLA-A*24:07,GLETVGVKIN,0
HLA-B*07:04,RPRPNTFVIR,1
HLA-A*66:01,TCHVQHEG,0
HLA-B*27:01,MEAGDTDDPPRI,0
HLA-A*68:01,VMPSSSAR,0
HLA-B*58:02,VALVLLAAAVSCAV,0
HLA-B*35:07,DKKMEEKNSGN,0
HLA-C*02:02,KIFAQLDSIID,0
HLA-B*15:01,GRFTCPVCLEVYEK,0
HLA-B*40:02,KELTLENSEL,1
HLA-B*40:01,ANSVIAQLLFLDAQ,0
HLA-B*53:01,LTHHQRIHT,0
HLA-B*35:03,KPSETVIP,0
HLA-B*13:02,PEESMSTS,0
HLA-A*29:02,LAASLDGAWTP,0
HLA-A*68:01,KGEGASNPEVIA,0
HLA-C*05:01,LYFQQSSTDEEIT,0
HLA-B*53:01,RDAEKKEG,0
HLA-C*15:02,DCGVKLTIAF,0
HLA-B*42:01,TCKERDSE,0
HLA-A*02:11,ALWEGPSKA,1
HLA-A*36:01,LLFQNNEIIFK,0
HLA-B*40:02,VKSILNHPA,0
HLA-B*57:01,IIRKDTSTSMTMEN,0
HLA-A*34:02,HITDGPRK,0
HLA-A*03:01,FALEMFNRGRAAGT,0
HLA-B*15:17,KDSDPSKVV,0
HLA-B*40:02,GNYYACKQMKQR,0
HLA-A*11:02,SVERPDYRN,0
HLA-A*24:02,DTGEQALEIT,0
HLA-B*15:17,LDDILESITNR,0
HLA-A*36:01,NVSKVSFNE,0
HLA-C*03:03,PDMLATDLAY,0
HLA-A*33:03,ASTDFLFE,0
HLA-A*34:02,FFFQPRPL,0
HLA-B*44:03,GFEEALEN,0
HLA-B*15:03,ASEMAGPPQ,0
HLA-B*15:10,YSSFVALSTHY,0
HLA-A*02:07,ILDPFILVF,1
HLA-A*29:02,DRVMEGKH,0
HLA-B*42:01,APSESKPAAKV,0
HLA-B*42:01,VPDGETPEDEN,0
HLA-A*33:03,PEFWLTVFK,0
HLA-B*51:01,LWHTFNLGI,0
HLA-C*05:01,RSLALRLSVLRRF,0
HLA-A*02:07,IINPEEIP,0
HLA-C*03:02,KPINGAIFI,0
HLA-C*04:01,SAPAARAPQALA,0
HLA-A*02:01,VEPEGPVA,0
HLA-C*08:01,NCHEVSVF,0
HLA-B*58:02,LLGSGYGGLTG,0
HLA-B*35:01,IPFDSTNKY,1
HLA-B*57:01,GNEKRFFCPPPC,0
HLA-A*02:06,LAKYFKDPLI,0
HLA-A*74:01,KTFNLEKQNHTPR,1
HLA-C*01:02,HPLYGSRPT,0
HLA-A*02:01,IICGYQKCF,0
HLA-B*57:01,TIIAVTMIAL,0
HLA-A*23:01,ALLSQDAED,0
HLA-C*08:02,MTHLSRMAED,0
HLA-B*55:02,IIKRVIALEGD,0
HLA-B*07:02,RSELYEAEER,0
HLA-B*13:01,KAPVTKVAA,1
HLA-B*15:01,FVDIEFTGD,0
HLA-C*03:02,DPWLLRSKSP,0
HLA-C*03:03,LIIDSWFDNYL,0
HLA-C*15:02,GWIRNGES,0
HLA-B*13:02,WACALAVGEAG,0
HLA-C*12:03,ATVPFLLQL,1
HLA-B*13:01,FEGDHQLLCD,0
HLA-B*49:01,TEIVNPLRI,1
HLA-B*40:02,RNVAKLLYMHM,0
HLA-A*34:01,LLERLDLKK,0
HLA-B*07:02,PFSFLLLVLLLV,0
HLA-C*14:03,DDNYLVACG,0
HLA-A*02:04,IHDTVNMN,0
HLA-B*18:01,GPVRAPLT,0
HLA-B*13:02,KVLGSLSS,0
HLA-C*07:02,AANPTMIRA,0
HLA-C*03:02,RSVKVKIKLGR,0
HLA-C*12:02,SVRKDIESY,1
HLA-A*24:02,PELYIAVGISGA,0
HLA-B*40:02,PWISEGEI,0
HLA-C*08:02,ERVRFGLVPA,0
HLA-B*37:01,QQEEQGSVNDV,0
HLA-A*68:01,DPQAMFDIEYF,0
HLA-B*57:03,TSVMLKDRW,1
HLA-A*34:02,EKGVNCIDY,0
HLA-B*40:06,DGANPWSVSS,0
HLA-B*50:01,LVPVGPRPP,0
HLA-B*37:01,SKCDLMTNMVF,0
HLA-B*50:01,PRSDSEESGSEEE,0
HLA-A*02:02,QIDGRNRKV,0
HLA-B*15:02,GRASRQSLTG,0
HLA-B*52:01,QPSHQPPGAMGIG,0
HLA-B*35:07,SLEKILPQLK,0
HLA-B*07:02,VPSGQEQR,0
HLA-B*40:01,SEEGLRNAL,1
HLA-A*03:01,DMRCSLLLLPR,1
HLA-C*04:03,AFDLIEHYF,1
HLA-B*15:17,EYTSFGDLVLYPC,0
HLA-B*27:09,IDLDPETEQVNGLF,1
HLA-A*11:01,EVVAGIKEY,0
HLA-A*11:01,SKKGVNLPG,0
HLA-C*03:03,CLLPFMVINN,0
HLA-B*58:01,KCAHLGCAE,0
HLA-B*38:02,YKNEKELQEV,0
HLA-B*56:01,RKSKGKKEEEK,0
HLA-A*11:01,PEGKDILFMGNEAA,0
HLA-B*08:01,QTDPPTSIYKR,0
HLA-A*29:02,LRTWGAGSTG,0
HLA-B*58:02,SSQQQPTLPT,0
HLA-B*18:01,NEHVLSAGF,1
HLA-B*15:02,VVGESGLGKST,0
HLA-A*02:02,LRKALNKLA,0
HLA-B*51:01,EAELAKLKG,0
HLA-C*15:02,ESIPIRLFL,1
HLA-C*15:02,YSSQADNWA,0
HLA-B*42:01,VLSKMENL,0
HLA-B*42:01,DVRLMFSNCYK,0
HLA-C*02:02,RTPVFSFL,0
HLA-B*35:07,YALQVHCY,1
HLA-C*03:03,HVYRWEKK,0
HLA-B*35:01,IPIPFYLSVY,1
HLA-A*02:01,DGLRRGLSVE,0
HLA-B*42:01,INYDLPNNR,0
HLA-A*74:01,LAYVTKTRV,0
HLA-A*33:01,TDKDTGVTR,0
HLA-B*44:02,SCLSLPTEPSPS,0
HLA-B*27:03,QWRWGLLLIEDVY,0
HLA-B*57:01,TRYDLYHTF,1
HLA-C*08:01,NKDKGRPSHQ,0
HLA-B*38:02,SYLTVHHR,0
HLA-C*12:03,TQITSYAATLHRK,0
HLA-A*29:02,VMFLHALRY,1
HLA-C*07:01,DKEKEREKKKH,0
HLA-A*02:05,GRLSTRTPS,0
HLA-B*40:02,RENIATHHL,1
HLA-B*40:01,GRRLRDVN,0
HLA-C*16:01,DYNYAFFVGKN,0
HLA-C*08:01,LPAFKDAVPE,0
HLA-B*52:01,SVVRGCDR,0
HLA-B*27:08,VRHPNYLGDLIM,1
HLA-C*12:02,TSSSDNSVQL,0
HLA-B*27:08,DSVKGRFT,0
HLA-A*02:04,LAAESLAAQ,0
HLA-A*24:02,VIISIIVAALGVL,0
HLA-B*13:02,KINDEDKQKI,0
HLA-B*38:01,SLLKAHAME,0
HLA-C*14:02,RTVELIEEPI,0
HLA-B*15:10,SQYPFPVTL,1
HLA-B*07:04,MQEVNSALSKI,0
HLA-B*15:01,KPKEKEKP,0
HLA-B*18:01,RSALRGLRCGPR,0
HLA-B*27:03,VRFSPDGELY,1
HLA-A*34:02,TIWDSVTW,0
HLA-A*02:06,PLGSRDGLRGT,0
HLA-A*02:11,RSYSDMKRA,0
HLA-C*08:01,PVKFWRPGT,0
HLA-A*29:02,TEKSVFPLPEPQDF,0
HLA-A*74:01,PIAQLSPAVSQ,0
HLA-B*49:01,YTDCSNKLAE,0
HLA-B*38:01,EHSSDSEYTL,1
HLA-B*52:01,CNSHRPELVRP,0
HLA-A*74:01,QLLYQLVQS,0
HLA-C*08:02,IKRLISVLNKS,0
HLA-A*11:02,DSLLQRERFI,0
HLA-B*44:03,RNPQLRNLTEIA,0
HLA-C*06:02,QGYMKHAT,0
HLA-A*11:02,EQQAVFVKPP,0
HLA-C*05:01,SGDYKTIHL,1
HLA-B*46:01,YVSHNQGSGLA,0
HLA-B*49:01,DTVGTMMTC,0
HLA-A*02:07,LAAARNPA,0
HLA-A*02:04,LGLQQPPAL,1
HLA-C*01:02,VVPVPLLSL,1
HLA-B*40:01,DTKSTGPKAPI,0
HLA-A*30:01,LEIIRKTGNKVS,0
HLA-A*68:02,YLAEVAAGDDKK,1
HLA-A*02:07,ISSLKDLITKMQLQ,0
HLA-B*57:03,ISPSIPITF,1
HLA-A*02:03,ALIPDLNQIT,0
HLA-C*05:01,QMDVGLDTGAMI,0
HLA-C*17:01,SAAAVSML,1
HLA-B*38:02,EAIYETHTW,0
HLA-B*07:02,LPVLPWSEV,1
HLA-A*31:01,RVTVPLVRR,1
HLA-A*02:05,NCIVAATGEKDFVS,0
HLA-C*15:02,SLFTVSTF,0
HLA-B*51:01,EGLLECHK,0
HLA-B*15:01,AIKTLKGGHMDRQ,0
HLA-A*26:01,TALGRTILGPT,0
HLA-A*29:02,AYSSGCNGRVVPT,0
HLA-A*34:01,TAQNLAGEVSC,0
HLA-B*58:02,EEEEISEL,0
HLA-C*06:02,HQMWHVRKL,1
HLA-B*27:02,SNQQKALPPPP,0
HLA-A*32:01,TMLLPPLRER,0
HLA-A*02:07,LAEWKETIPQ,0
HLA-B*27:09,CVGGSPSR,0
HLA-B*57:03,LKSIAFPSIGS,0
HLA-B*27:01,GSTPLASFKIL,0
HLA-B*27:02,YQNQKKAAE,0
HLA-B*45:01,REAEVTRTA,1
HLA-A*30:02,LFLWDGEDSSF,0
HLA-A*33:01,NTQEMPWNVR,1
HLA-B*13:01,MTQGTDSPE,0
HLA-C*03:04,AKLKLFRH,0
HLA-A*02:07,LAIAQREPD,0
HLA-C*03:04,LSALGPGY,0
HLA-C*08:01,EFLLMVFKL,0
HLA-A*29:02,KIASTWEGIKAA,0
HLA-A*23:01,NGSSSVIS,0
HLA-B*38:02,PDFSDEVKI,0
HLA-C*02:02,YAKPTRLNV,1
HLA-C*16:01,YMGLLAVF,0
HLA-C*08:01,LGARPDATKVL,0
HLA-A*29:02,KINRRSVLFHP,0
HLA-B*42:01,HPQLLPLID,0
HLA-B*07:04,VPYIGIVTI,0
HLA-A*02:11,VLHRDAIL,0
HLA-A*24:07,IFLDQKCQNIL,1
HLA-B*27:06,SAQERERSFTQMI,0
HLA-A*29:01,YFTSDYYQLY,1
HLA-B*40:06,LQELRKEE,0
HLA-B*51:01,LPNLAFAGTL,1
HLA-B*15:17,LNNRKFANS,0
HLA-B*15:10,AALSIMAQSTS,0
HLA-B*57:01,AHQNVAQL,0
HLA-B*07:02,VLYCRNTKK,0
HLA-B*49:01,NSQDDQGKFST,0
HLA-B*27:09,AIQGLLKKHEAF,0
HLA-B*40:02,IREGKHSQEI,0
HLA-A*02:06,MTEIDRIAQN,0
HLA-A*02:02,KYDAFLVTNMV,0
HLA-B*55:01,SKPEYVKPDF,0
HLA-B*35:03,KSTLLNTMFGL,0
HLA-A*24:07,EDFQKIRMA,0
HLA-A*02:01,HNRRMRVATKYIN,0
HLA-A*66:01,SRRLWKFFW,0
HLA-A*02:02,ANTGGIIDTA,0
HLA-C*06:02,EYMYYLIEHRV,0
HLA-B*38:01,AWLTRHSE,0
HLA-B*15:01,RVHLPSSIY,1
HLA-A*02:07,FGVVQGMKTRRGDV,0
HLA-B*40:02,GLSYAEDAA,0
HLA-A*34:01,SCSPPALEPEA,0
HLA-B*13:01,GLHAQLRGLQ,0
HLA-B*15:17,RACHNLLTF,1
HLA-C*06:02,AFADFLFAST,0
HLA-A*33:01,SSGGSIGGRG,0
HLA-B*40:02,QLEKSLELKFDVLD,0
HLA-B*13:01,PFEEKFAQA,0
HLA-A*34:02,RFYCQDIRAY,0
HLA-A*02:01,MLPSPPKQKS,1
HLA-A*02:03,SGEDAEVRAVS,0
HLA-A*24:07,AQNPSLHHP,0
HLA-B*07:02,LKNQATSATS,0
HLA-B*15:17,NFHGFERIH,0
HLA-B*40:02,GEIFSEHSCL,1
HLA-C*14:03,YYHWALSF,1
HLA-B*07:02,TMPFQRLS,0
HLA-C*12:02,PQFPGGPILG,0
HLA-B*57:01,VTKPANEQSQDF,1
HLA-A*23:01,EVTGTHKVTV,0
HLA-C*12:03,FQAFLRTEF,1
HLA-A*34:01,GAATEEGVNR,0
HLA-B*57:01,DITWKLTGN,0
HLA-B*08:01,IELKLSESPE,0
HLA-A*02:04,KFPDVQVAV,0
HLA-B*14:02,VVRGSVLLAKP,0
HLA-B*40:01,AFRTREGR,0
HLA-C*14:02,YYVDFFKTL,1
HLA-B*53:01,LPFQFAHHL,1
HLA-C*07:02,PARAVLLGL,0
HLA-B*58:01,LLEKNEPKM,0
HLA-B*27:07,KNDDPERKVV,0
HLA-C*08:02,DVVIATPDAMR,0
HLA-B*14:02,NQESDRSDS,0
HLA-B*15:17,MEVLKETV,0
HLA-A*02:04,KGHEAEDL,0
HLA-A*23:01,ASNSSSCPT,0
HLA-A*02:02,QQIMHYHM,0
HLA-A*02:02,GEGHPDKIC,0
HLA-A*25:01,KTSLILNK,0
HLA-A*68:02,ETFGMKLSV,1
HLA-B*27:08,SFTFISDQDTEIF,0
HLA-C*12:03,KIQPEILEL,0
HLA-B*40:02,KMLREEKE,0
HLA-A*02:01,CAILSSVL,0
HLA-C*04:01,AHIPDYVTAEFVR,0
HLA-B*07:02,APRPNPAQSL,1
HLA-B*15:17,ALNEETPKDKQ,0
HLA-C*16:01,QKIWIRTW,0
HLA-A*68:02,GRKYMGMDAIE,0
HLA-B*57:01,AYCHRQKVLH,0
HLA-B*49:01,RAADCKKVHQI,0
HLA-A*23:01,NRVWQTLLVLF,0
HLA-A*30:02,DYFAYRGFK,0
HLA-A*29:02,ILAHGTTGR,0
HLA-A*31:01,RTEVTSSS,0
HLA-B*58:02,VAPGKDLTK,1
HLA-A*02:11,VYPESGDTDGRRE,0
HLA-C*06:02,GTSAGSLV,0
HLA-A*11:02,DGYNGFGND,0
HLA-A*68:02,NVSVLGLQ,0
HLA-B*27:05,GGAMILIAI,0
HLA-B*57:01,AYDDKIYYF,1
HLA-C*03:03,AQYDASELK,1
HLA-A*36:01,SLPGHSKPL,1
HLA-C*04:03,APKPPEPYSH,0
HLA-A*32:01,ETLIVWENLDINRY,0
HLA-B*57:03,MLNFSATALR,0
HLA-C*03:04,DDALWPPP,0
HLA-C*17:01,IVWIAECIAQR,0
HLA-B*13:02,VDIVTGHARL,0
HLA-B*38:01,GVGGPQQTV,0
HLA-B*44:02,NLPVYWVD,0
HLA-B*44:03,GARGLLLSRENED,0
HLA-B*13:01,KTYLVSGQ,0
HLA-A*24:07,EQPGFPSGVHA,0
HLA-B*38:02,TALRPSAST,0
HLA-B*13:02,CTPDDDLE,0
HLA-A*23:01,VLQAIYVI,0
HLA-B*13:01,GVTTCLRFP,0
HLA-A*26:01,SVLLLPVRRE,0
HLA-B*40:02,QMGKCRQRAEENA,0
HLA-B*53:01,ARQDKKDKVG,0
HLA-B*27:04,LEWFNFWK,0
HLA-A*23:01,EFMAGFYII,0
HLA-C*16:01,SKMNNPAIK,0
HLA-C*08:02,HTPLHMAAL,0
HLA-B*57:03,DLTGPSVDV,0
HLA-B*38:02,AMARTGSG,0
HLA-B*55:01,NFSMLESPALH,0
HLA-A*32:01,KQKHDGRVK,0
HLA-B*53:01,LPTSSTSLFSY,0
HLA-B*15:02,FCESLYVY,1
HLA-A*74:01,LESPESLR,0
HLA-B*27:03,TYTQCTDGYEWDP,0
HLA-B*44:02,WYEYRSPVQ,0
HLA-A*24:02,LDNFLGNSP,0
HLA-B*57:01,RLAGYAASEPA,0
HLA-C*05:01,LQEANITI,0
HLA-A*33:01,SASRPGRRNKA,0
HLA-A*34:02,AVYNPPRAHRN,0
HLA-B*56:01,NNLLGVTLPYEVLK,0
HLA-B*57:03,LANKLYERW,1
HLA-A*34:02,KQYEEFAMSYQ,0
HLA-B*13:02,LEENLRRSDK,0
HLA-A*36:01,EDLSKSVN,0
HLA-A*32:01,SSDPAAAAAAT,0
HLA-C*03:04,PVPAPTPVLAP,0
HLA-B*55:01,LHVDTLVTKFL,0
HLA-A*02:01,LQPPDPVGL,1
HLA-C*04:03,VISDILDWK,0
HLA-A*30:02,GQYVYREGVIR,0
HLA-C*17:01,YGATYLQKLLD,0
HLA-C*14:03,RTLPTLQELHLSD,0
HLA-A*02:06,FYEANEAGLQF,0
HLA-B*40:06,PARSLWISMQ,0
HLA-C*02:02,TPEEAAAD,0
HLA-B*35:07,IPNDLIGCI,0
HLA-A*11:01,KVCQEMYLTY,0
HLA-C*16:01,AKSEEEEKL,0
HLA-B*38:02,KHNYIIANHP,0
HLA-A*11:01,NEINRITGLGFKP,0
HLA-A*02:05,LLARTMVMRA,0
HLA-B*13:01,AAEEVAPPLP,0
HLA-B*50:01,LQPRLPAELLL,0
HLA-C*15:02,PEQAELRQTMAKF,0
HLA-A*11:02,GFKAEGPEVDV,0
HLA-B*13:01,LELGEIPTLK,0
HLA-A*33:03,EALQKKFNK,1
HLA-B*38:01,PFTRMQNECK,0
HLA-A*02:07,AINAIQKSWTATT,0
HLA-B*13:01,FKISKIYK,0
HLA-B*45:01,QWLAWATNEFSLA,0
HLA-B*44:03,EEQKNLHFF,1
HLA-A*36:01,CGSCWAFS,0
HLA-B*15:17,FLCSGGHNALF,0
HLA-A*02:11,NIQDGSKLST,0
HLA-B*40:01,ALVTVGEDGQIKIW,0
HLA-B*49:01,SLPATHIRGKC,0
HLA-C*03:03,MSISRPNAVVG,0
HLA-B*57:01,KSYELPDGQVITI,1
HLA-C*15:02,THGTGIMNTT,0
HLA-A*34:02,PTTPLFLLLL,0
HLA-A*02:07,NQLSRSTSG,0
HLA-C*07:04,HVQLRIMEN,0
HLA-B*15:10,SEYSLENFM,0
HLA-A*02:02,AAMQTQWSWIL,0
HLA-B*15:03,TITFKRLIRFV,0
HLA-A*34:02,LLSENNFMDIT,0
HLA-A*29:02,GVTRLTFEY,1
HLA-A*02:01,DVLGAGEGWAKSI,0
HLA-B*57:03,KGGQIGLQA,0
HLA-B*52:01,MRYLGKVLELV,0
HLA-B*40:01,HYEVDIRKRT,0
HLA-C*05:01,IGDEAATHL,1
HLA-B*15:03,PQHPFYNRGS,0
HLA-A*29:02,ILSASRDELKQ,0
HLA-C*12:02,MEFIASTLF,0
HLA-C*07:02,ATLVDAVPAIKN,0
HLA-B*58:01,DGFKNGFSITG,0
HLA-B*42:01,TFCKVDKN,0
HLA-B*53:01,QNDINLSQAPA,0
HLA-B*07:02,STSISAAL,0
HLA-A*01:01,RKTVTAMAVVY,0
HLA-B*57:01,DPGHFERI,0
HLA-A*02:01,AAINKARDEFSDSI,0
HLA-B*40:02,ATCEDCPEHCA,0
HLA-B*15:01,PTSETESV,0
HLA-C*16:01,VVPESPLSDV,0
HLA-A*02:11,SLWGQPAEA,1
HLA-A*11:01,PFDVARFRGL,0
HLA-B*39:01,AEGSVNGFIST,0
HLA-C*14:03,KLSKLSVQD,0
HLA-B*53:01,SSGTATAATH,0
HLA-B*14:02,ATIRTKKEVA,0
HLA-B*45:01,AEAPASPAP,1
HLA-A*02:01,KINVCYQVQGKMV,0
HLA-C*08:02,PPEGFMAPKA,0
HLA-C*16:01,IESSYSESLNE,0
HLA-A*02:01,EVTLETLGPKP,0
HLA-B*27:08,ITNLLSAIP,0
HLA-A*11:02,KGQRDLYS,0
HLA-B*27:02,NATSAPASTSGQP,0
HLA-A*66:01,DTTGWGVSPR,0
HLA-B*46:01,LYQIILKALERG,0
HLA-C*05:01,VAKFGVEIVNP,0
HLA-A*02:05,IELLLKLIA,0
HLA-B*44:03,ERDMRMGGGG,0
HLA-A*02:03,KPQVEDLS,0
HLA-A*02:02,QLKQWLDLHLH,0
HLA-A*31:01,VTGAPLGLVEFNDV,0
HLA-B*27:03,ARLDLLYRL,1
HLA-C*03:02,KIDHCSSPSSSED,0
HLA-B*56:01,ASEPEVQPSD,0
HLA-B*40:02,PTTGHCNSGRT,0
HLA-A*02:07,GVYLLFASRLPGA,0
HLA-C*01:02,ALSHICSLPS,0
HLA-C*16:01,GEAAPGKQNEEKTY,0
HLA-A*03:01,YLKLTDNVYIK,0
HLA-A*68:02,ETFNYWSYV,1
HLA-C*15:02,EIPVVSAPAP,0
HLA-C*03:02,AEGHPKSLF,0
HLA-B*51:01,AMDQCYEC,0
HLA-A*02:07,GDSAFSRAPR,0
HLA-B*40:06,KLRTTKKK,0
HLA-A*29:02,HGGPPELFY,1
HLA-B*15:10,VPLACAWSC,0
HLA-A*24:07,GRPRSMLRSYR,0
HLA-A*74:01,TFTCWWRPGTDGGL,0
HLA-B*44:03,REVDVEKVTTF,1
HLA-A*30:02,EFKAEVDP,0
HLA-B*49:01,ACPHMATC,0
HLA-B*57:03,RGALMTCAV,0
HLA-B*42:01,GSRRRRQRPSV,0
HLA-B*57:01,ENAPDTPT,0
HLA-C*16:01,HGFLRHTVNKIT,0
HLA-C*05:01,HKDFHPRVT,0
HLA-A*02:03,FMSSHIKSV,1
HLA-C*14:03,ALLFSAQKHHQ,0
HLA-A*02:01,KRRSPPADAIPKSK,0
HLA-B*40:06,ATLEALSWHLI,0
HLA-C*14:03,IIGRTDEAV,0
HLA-A*66:01,TGCQEIAEVE,0
HLA-A*66:01,GQSKGHIN,0
HLA-B*15:17,YNVPAEHK,0
HLA-B*38:02,RLESKRLGGDDAR,0
HLA-B*37:01,EEQNLERQV,0
HLA-C*03:04,RGHNGKIYP,0
HLA-B*37:01,NSILTTHTTL,0
HLA-A*74:01,WSIMKWNRER,1
HLA-A*02:01,PTAFHLEKLAA,0
HLA-A*02:02,NIFFPIESNTQV,0
HLA-A*23:01,QYEPLFHML,1
HLA-B*35:03,VLYTSGSTGKPKG,0
HLA-A*11:02,MDATKMGGL,0
HLA-B*44:02,CTLAAWLIN,0
HLA-C*03:04,RREELLARGC,0
HLA-A*34:02,AERSMMSAYE,0
HLA-B*58:02,IGNLFGQHRS,0
HLA-B*42:01,QHVGLQPSASL,0
HLA-B*15:10,THDIPKFP,0
HLA-B*58:01,KLDTITWTW,1
HLA-A*74:01,HEFLLENL,0
HLA-B*40:02,YAARVQLVETVIK,0
HLA-B*35:01,FNYATYHTL,0
HLA-B*27:09,NKLRDKETPSGFT,0
HLA-A*02:06,SQYPFPVTL,1
HLA-B*15:10,LQHHMGSADLN,0
HLA-A*33:03,QAVCSNGHIWL,0
HLA-B*40:01,RGLISPSDFAQLQK,0
HLA-A*02:07,ASHKGPKDAGR,0
HLA-C*07:01,TNEAGFSH,0
HLA-C*03:03,YAQLHSFTL,1
HLA-A*30:02,WHPTSQNRM,0
HLA-B*42:01,CTKFKVSSCR,0
HLA-A*24:02,LTVQNFLSAA,0
HLA-A*30:01,AFGICIKNV,0
HLA-A*02:05,AHVPDVHE,0
HLA-B*42:01,LPNQVLKSI,1
HLA-C*15:02,IKFLRSIRPDN,0
HLA-B*40:01,LLMALLYCF,0
HLA-A*02:02,MEELEITVN,0
HLA-B*15:17,DILLPALA,0
HLA-B*40:01,EEVHDDGTPTS,0
HLA-C*15:02,SFPAGVEMIN,0
HLA-A*34:01,ADVLCEFLEVA,0
HLA-C*07:02,NQDITLFPR,0
HLA-C*07:01,VRAWVVFKL,1
HLA-B*53:01,EKLHVSSLL,0
HLA-A*66:01,IKNEIDNYEED,0
HLA-B*55:02,NNVLKPINL,0
HLA-A*01:01,AHALPDEYKERP,0
HLA-B*37:01,YVKDDIFRIYI,0
HLA-A*34:02,KPAPVQEH,0
HLA-B*44:02,LAAHQQPC,0
HLA-B*57:01,RAYPFHWAW,1
HLA-B*51:01,SNVDGTHWLE,0
HLA-B*57:01,LALPCLRPWGF,1
HLA-B*15:03,LGDCYYCV,0
HLA-A*11:01,YLRALDVN,0
HLA-A*02:04,HVPCNGFSDIE,0
HLA-B*51:01,IAKLMVEL,1
HLA-A*01:01,SDDHGASWRY,1
HLA-A*02:02,DEGEREAI,0
HLA-B*52:01,LPIECSELDG,0
HLA-B*53:01,DSKGRFFI,0
HLA-B*27:05,SRRSGKTSAVLK,1
HLA-B*38:02,YYYNARTRE,0
HLA-B*58:01,KHLLFENEEE,0
HLA-A*02:02,PVFKKTKEIRFSI,0
HLA-C*02:02,DQKVVDNGY,0
HLA-A*02:01,DFIEIAIQKGSNV,0
HLA-B*49:01,VIRTLSTS,0
HLA-B*27:04,QPAAFCGVVGLKPT,0
HLA-B*07:02,YRRDTDHTRKR,0
HLA-B*38:01,NADHEGFLL,0
HLA-A*34:02,LKETLEFA,0
HLA-B*44:02,NPYGGKMAEVT,0
HLA-A*33:01,KDKDKSDDR,0
HLA-A*01:01,HLAQQLHME,0
HLA-B*13:02,KHETEIMPVF,0
HLA-A*30:02,RRALLTWSLA,0
HLA-B*52:01,QSWFAAASTSW,0
HLA-B*40:06,TKTAEYSEM,0
HLA-B*49:01,AYGVVSMCIGT,0
HLA-A*01:01,LQPQQQPRTIER,0
HLA-B*40:06,PASPAAAGH,0
HLA-A*29:02,VVKKKNKAG,0
HLA-C*08:02,NADSATRLL,1
HLA-B*57:01,ICALSCAFTEHL,0
HLA-C*04:03,KRNQENFSSIL,0
HLA-B*40:02,VEMGFSRSL,1
HLA-A*02:05,KHENVIGLLDVFT,0
HLA-B*40:02,HETKIGSFLS,0
HLA-B*18:01,ELKNILDMLQL,0
HLA-A*33:03,VYSRTPSGS,0
HLA-A*11:01,PEIFTMRQQDI,0
HLA-B*15:01,YRQSKAKKLQ,0
HLA-C*07:02,SEQVQQQGKHPGDP,0
HLA-C*14:02,TLMGEGICS,0
HLA-B*46:01,YAWPTAEIAVM,1
HLA-C*07:02,RYLTNAYSR,0
HLA-A*33:01,LLLDMGSD,0
HLA-B*57:03,EKGASVFTTF,1
HLA-C*03:02,YTANFVAP,0
HLA-B*35:01,FQTFPQAVLLL,0
HLA-B*40:06,TVKRVNILS,0
HLA-B*42:01,FIRNRTLQ,0
HLA-B*40:01,REVGLRVAA,1
HLA-B*45:01,IPDSHEITLKH,0
HLA-C*17:01,LEVKTESLS,0
HLA-A*23:01,KLQEEVKDL,0
HLA-A*02:05,RRLFLFGEE,0
HLA-A*02:01,GVDVSIILPRKNDS,0
HLA-C*01:02,LGTPIKQVRY,0
HLA-B*15:10,ALAGLQNAVGS,0
HLA-B*15:01,ALRREASTLR,0
HLA-B*52:01,LKERSDTSD,0
HLA-C*01:02,GIDSEGHAANFVE,0
HLA-C*16:01,MVAGIYFM,0
HLA-B*27:09,TLTAAISKV,0
HLA-A*02:01,ITTVRASVG,0
HLA-B*07:02,FELAILLKEVGLV,0
HLA-C*16:01,DLVSQMDP,0
HLA-B*42:01,LRRYPEGG,0
HLA-B*18:01,DRATELAVK,0
HLA-B*15:03,KDLFEPQTA,0
HLA-B*27:05,HQFNKVEMF,0
HLA-C*08:02,IDLSDYYPSVEWD,0
HLA-A*68:02,ETQKCEIFNV,1
HLA-B*18:01,YGPKYIHPSF,0
HLA-B*40:02,RQFSGARNQL,1
HLA-B*40:01,IHVKAVNERGT,0
HLA-C*03:02,YAFLHRTL,1
HLA-A*02:01,QENAIDNR,0
HLA-C*03:03,LKEIFMQV,0
HLA-C*16:01,AISQPLEGA,0
HLA-C*16:01,YLKQDPLEM,1
HLA-B*40:06,HFIEIHHHLGS,0
HLA-B*38:01,CRLDIDSPPIT,0
HLA-B*40:02,NEVSVTDSQL,0
HLA-B*54:01,QGSHYDQAQDS,0
HLA-A*11:02,LFSTAEVLKTP,0
HLA-A*02:01,GLTVLPPLL,1
HLA-B*40:02,QQHLVLLSL,1
HLA-C*08:02,AGNINFKWD,0
HLA-B*38:02,CNLFTCGFDRQ,0
HLA-B*27:01,GLDGSVWISSEMK,0
HLA-A*02:02,CSECGKAFSRS,0
HLA-A*11:02,KEVVLAEKPL,0
HLA-B*51:01,CSPISGHSSVSW,0
HLA-A*02:02,SGQHGLTPQKSFYK,0
HLA-A*74:01,PCILFLFYGW,0
HLA-B*08:01,FLKDKFVEI,1
HLA-B*45:01,DEDKFVIYSKGD,0
HLA-B*15:02,MNGYGSSPTFS,0
HLA-A*02:05,EHKVAFLLETC,0
HLA-A*34:02,RLKEKKKAR,0
HLA-B*13:01,HHGRLYPPAPD,0
HLA-B*53:01,RKSERTLEC,0
HLA-C*15:02,QASRHTPETSY,0
HLA-A*30:01,LAKASYKKAI,0
HLA-B*07:04,SGRSAQGS,0
HLA-A*29:02,RANPRDAQRHT,0
HLA-B*27:05,SRVVPLDEI,0
HLA-B*08:01,LKQQVGKA,0
HLA-B*38:02,GTTNLHIEVS,0
HLA-B*15:02,EEDPQGSEPV,0
HLA-A*23:01,PMCRHFDELCSL,0
HLA-B*42:01,ARLSMMLLDSR,0
HLA-A*32:01,KMEEGIDRHVW,1
HLA-C*01:02,WSIPWKWLFGA,0
HLA-B*13:01,DIKGPKVDINA,0
HLA-C*15:02,VQLFYGSM,0
HLA-A*02:02,TDSGLEHSLPH,0
HLA-B*27:05,NQLVAISQRY,0
HLA-A*02:02,IPQYHLAM,0
HLA-B*15:02,RLLCEGLRHPA,0
HLA-A*68:02,RVVSAGFSHEL,0
HLA-B*38:02,AEALIALLQE,0
HLA-A*29:02,PLDGEAQEITPAR,0
HLA-B*08:01,LLTFEGHLNVHF,0
HLA-B*13:02,YKSAADDSE,0
HLA-A*33:01,CDSDHDMAFP,0
HLA-B*46:01,TCFNRLDL,0
HLA-B*37:01,KQMYITYVR,0
HLA-A*24:02,SIVAYQEDG,0
HLA-B*18:01,WVNELHCKGRFT,0
HLA-B*51:01,SSCPASHCRDLLPH,0
HLA-A*03:01,PSPFGDVSSR,0
HLA-A*29:02,WLPALFTDLY,1
HLA-C*02:02,FAIPMIHAV,1
HLA-B*14:02,QPWSSPKGSE,0
HLA-A*26:01,AAGVLGIVGM,0
HLA-C*15:02,VAVQQCHEND,0
HLA-B*57:01,HALALAWTF,1
HLA-A*02:01,LQTRDRIGT,0
HLA-B*14:02,SDPVTPPSD,0
HLA-B*35:01,VAVDWKHPRI,0
HLA-A*34:02,GIVDQVMVTLN,0
HLA-C*12:03,YDMPCDVLN,0
HLA-A*74:01,KVQEGERQLR,1
HLA-B*27:04,QQRWTHIRLNIFPD,0
HLA-A*31:01,VYFGGFFIR,1
HLA-C*03:04,YWDDPVDLQPS,0
HLA-C*03:03,MAKRFAYPL,1
HLA-B*15:01,KLPKGTVSF,1
HLA-B*49:01,DLQIEVQE,0
HLA-A*02:04,FYGGSHKQLVDLL,0
HLA-A*01:01,NGHRLLALVER,0
HLA-A*02:02,KEERNYHIFYR,0
HLA-B*55:01,SRVPADPV,0
HLA-A*34:02,SETTLAQPQ,0
HLA-C*12:03,KNKHQIGS,0
HLA-A*33:01,LRRWREHS,0
HLA-B*15:01,IILGLVICQ,0
HLA-A*66:01,VKPQGKVA,0
HLA-B*57:01,LIQIIDGLEYMWS,0
HLA-B*55:01,GKVGVKEELL,0
HLA-C*07:02,RENLVNIEINY,0
HLA-B*15:03,SPTSPSHLT,0
HLA-B*42:01,VSRVRALYKRVLQ,0
HLA-B*13:02,PHTQCRLK,0
HLA-B*13:01,QQQAATSE,0
HLA-A*11:01,NLIMNPSNYQQ,0
HLA-A*02:01,PPLSRDIDDIFVRR,0
HLA-B*18:01,PSPTASQSQSPGH,0
HLA-B*13:01,SYLRYVPRKFD,0
HLA-A*11:01,LHPSEGPWGA,0
HLA-B*52:01,LKQTPRARNQ,0
HLA-C*07:02,SYHVKTAFF,1
HLA-B*15:01,GIIAGGPMRAIFET,0
HLA-B*27:02,FPYNPLIMR,0
HLA-B*42:01,VMRTVKKPG,0
HLA-A*02:07,LCLNARGLQS,0
HLA-B*45:01,SELQLPFQA,1
HLA-A*02:07,RLDEPLASYI,1
HLA-A*29:02,TKHNINYT,0
HLA-A*11:01,QMFIWNNI,0
HLA-A*30:02,NLEASSDYC,0
HLA-A*02:14,LVTDGTMAT,0
HLA-B*56:01,LGRIQESSPT,0
HLA-B*49:01,KPEYVKPDFR,0
HLA-B*57:03,DVSSQRASSVN,0
HLA-A*03:01,KDDEEMDIDTVK,0
HLA-C*16:01,KPKDTLMISRT,0
HLA-C*15:02,LQKPLLSV,0
HLA-B*44:28,TRVVAEGVALHTS,0
HLA-C*12:03,LRISFPPEY,0
HLA-A*02:06,LPDGDHDLKRC,0
HLA-A*11:02,FVGNLPHDI,0
HLA-A*74:01,TPLIPQRS,0
HLA-A*66:01,WTQAIQLYSKA,0
HLA-B*53:01,ARVLSRVTDLF,0
HLA-B*57:01,AEQVEDDRL,0
HLA-C*05:01,YMMPVNSEV,1
HLA-A*11:02,TCAMGIRFKS,0
HLA-C*03:02,RRSVIGSG,0
HLA-B*42:01,TPVQMMYLREK,0
HLA-C*16:01,FSSDVTHEM,1
HLA-A*23:01,NGMEMTRPTP,0
HLA-B*38:02,GLQWVGEPMDQE,0
HLA-B*40:02,GLAGLRVG,0
HLA-B*35:01,KQTMEELK,0
HLA-C*07:02,NVGTAPVTPTVYM,0
HLA-B*15:03,SLAGFQFTQWD,0
HLA-B*15:10,DFLGNQED,0
HLA-B*53:01,VSVYPAPA,0
HLA-B*15:03,SLDENFKKFH,0
HLA-A*32:01,ILPRTLNVLF,0
HLA-A*02:06,LTSSGASFTY,0
HLA-A*02:01,GPLAMGLA,0
HLA-B*52:01,RQEEISRLV,1
HLA-B*42:01,KYICENQDSIS,0
HLA-C*03:02,YKQEAIPD,0
HLA-A*30:02,RKDDKIEK,0
HLA-B*42:01,IRVWSLQDRSC,0
HLA-A*26:01,VGNLNFNKSA,0
HLA-B*54:01,IVEPYIRGELP,0
HLA-B*14:02,TESRGERHEG,0
HLA-A*02:02,LLKNHLETL,1
HLA-C*04:03,MAFSPNEKF,0
HLA-B*39:01,LLRLQVDIGT,0
HLA-B*27:01,YNLCLLVST,0
HLA-B*39:24,SPSKNYVM,1
HLA-B*40:02,GGIANLSMLLPGA,0
HLA-A*66:01,IEEMRTSSK,0
HLA-A*03:01,WDKELIKPK,0
HLA-A*68:01,EVPEIVPFRL,1
HLA-C*03:04,KQTALVELVK,0
HLA-B*46:01,NKKVCIESEHS,0
HLA-A*01:01,RALLAGGGF,0
HLA-B*46:01,LSQGISCNCSA,0
HLA-B*27:01,RERSGNFN,0
HLA-A*66:01,TAVAHCKRGNG,0
HLA-C*16:01,VDTAVIKQR,0
HLA-A*02:01,FIDKFTPPV,1
HLA-B*18:01,TEFDSTVTH,1
HLA-B*40:06,EDLEQIKL,0
HLA-B*13:01,VCLKCRGVKE,0
HLA-B*40:01,FPKMKIPKFTF,0
HLA-B*44:03,AALLALND,0
HLA-A*34:02,MVWEGLNVVK,1
HLA-A*74:01,ARNRLAAI,0
HLA-A*02:06,KTFPPSSAPCS,0
HLA-A*02:01,PGELGPGGGG,0
HLA-B*44:03,VLPYLSKLGFEIVG,0
HLA-A*33:03,TVSSNSFCSDD,0
HLA-C*12:03,RIAVNDELKVFEE,0
HLA-A*11:02,GLAYKGLDP,0
HLA-A*33:01,KNIVPGWLQRY,0
HLA-A*33:01,LPPEPSPD,0
HLA-C*06:02,SVQLAVRTAE,0
HLA-C*14:03,TTDLKTKES,0
HLA-A*02:01,LLAILPEAARA,1
HLA-A*32:01,TQKDNYRV,0
HLA-B*38:02,SNLYVFQPS,0
HLA-B*44:02,QEADGQKISW,1
HLA-A*02:02,YVFLISELA,0
HLA-A*02:03,KGEAPAKS,0
HLA-A*02:04,RAPAEKPRGAR,0
HLA-C*08:02,PTSENPNSYY,0
HLA-B*07:02,TPMYGSQTPM,1
HLA-A*02:05,NAALEEVSR,0
HLA-A*29:02,PVTLQWAERLKEI,0
HLA-B*27:05,TRIKIGLNSK,1
HLA-B*40:06,ELHFLQIGGT,0
HLA-A*02:01,VATKETIGHS,0
HLA-A*02:06,CNLCAPPD,0
HLA-C*02:02,NFSPTCHL,0
HLA-B*44:03,AEIENLAN,0
HLA-B*52:01,AMGKSKAA,0
HLA-B*44:03,RELEGKTGF,1
HLA-B*40:02,KYLGITLDK,0
HLA-B*40:02,VMIVHGFPNNI,0
HLA-B*35:07,TGTKEGIEKA,0
HLA-A*02:05,YASLIATIL,0
HLA-B*58:02,RVQSFFQKNK,0
HLA-B*40:06,NKQGYKCRQC,0
HLA-A*25:01,EDIVERLWIY,0
HLA-A*02:05,PPRFQQVPTDA,0
HLA-B*58:02,LSNAQARVI,1
HLA-B*42:01,GQDPYHGPNQA,0
HLA-C*05:01,LCFSPPSMPAP,0
HLA-C*16:01,GLSSLSDTM,0
HLA-A*24:07,LWKTSLGKTLCFTI,0
HLA-B*27:01,SPPCPPPLPPSLC,0
HLA-A*11:02,SIDGRVVEPK,1
HLA-A*02:02,DVHLNFYV,0
HLA-B*42:01,LQSFELGIAND,0
HLA-A*11:02,DTESELDLI,0
HLA-A*02:06,LDAILKLHA,0
HLA-B*15:03,QQQFDIDKMQVQLR,0
HLA-B*27:05,FRKDGVPIGY,1
HLA-A*02:05,YVFAPKDDP,0
HLA-B*44:03,RQNSSNGRISPP,0
HLA-B*57:01,RGSSPEVS,0
HLA-B*46:01,GRWANDGW,0
HLA-A*02:05,EVWASADLH,0
HLA-A*02:01,KMENDPQEAESEMA,0
HLA-C*03:03,TAIVGMAL,1
HLA-C*03:04,TLPVTPPRA,0
HLA-C*14:03,ALVIRNGEKMS,0
HLA-B*07:02,LPASGRSAEVTL,1
HLA-C*03:03,CNNKGAHS,0
HLA-A*02:01,SEDNIMQVWQM,0
HLA-A*11:01,ENIHSEMYSL,0
HLA-C*03:02,PDNETVGG,0
HLA-B*35:07,NLDEALTR,0
HLA-A*74:01,RIYEIEDRTR,1
HLA-A*02:02,SANHMNSSLLS,0
HLA-C*03:02,ILYEFPRVF,1
HLA-C*12:03,LLMFQEWCACD,0
HLA-A*11:01,EFVEIAKPVFES,0
HLA-B*55:01,ADTQPAVLG,0
HLA-B*57:01,ISMASVAHW,1
HLA-A*02:07,AFLGSQSLAAPT,0
HLA-C*04:03,QEGHASDEAR,0
HLA-C*04:01,NKQENDIPTD,0
HLA-B*07:02,LYDMSLQSM,1
HLA-C*16:01,VAKEIIYTL,1
HLA-C*08:02,KDPALWCQLC,0
HLA-A*02:03,ESEHSHKHLIE,0
HLA-B*38:02,GHSSVFQAL,1
HLA-B*27:09,QRLEMNLGL,1
HLA-B*27:05,EVLGQDDSGQSCAL,0
HLA-B*52:01,KEKALAFEQL,0
HLA-A*11:02,HTLALRVGESQ,0
HLA-B*27:06,KHPETSPKDS,0
HLA-A*36:01,DDEEFAEVDE,0
HLA-B*41:01,RGITISTSHV,0
HLA-B*13:01,EIEEEDKLL,0
HLA-A*33:01,SSLICHSLCDP,0
HLA-C*01:02,NMPAAVHAL,1
HLA-A*23:01,CREVAESCK,0
HLA-C*03:02,RLVFRDVKDTI,0
HLA-B*15:02,FATRSRTRLFGKG,0
HLA-B*27:05,NADTQASEVPV,0
HLA-B*27:01,SKTSFPVSYDLDE,0
HLA-C*03:03,FFPSFQMLDYQVDY,0
HLA-B*35:08,VLRQARREVDSIGL,0
HLA-B*73:01,TSIWDLKSK,0
HLA-A*34:02,MSLGTTREK,1
HLA-B*40:02,KDLIAWQI,1
HLA-B*46:01,SRWLQTFL,0
HLA-B*49:01,REVWLYEQV,1
HLA-B*40:02,AEHIAQGL,1
HLA-A*02:06,WAQNHRNVS,0
HLA-B*13:01,AQAVERAKQV,0
HLA-B*57:01,QAPATNFVGVL,0
HLA-C*08:01,RVMELFFTV,1
HLA-B*46:01,YPGQITDG,0
HLA-A*33:03,QVDSKSTFKRL,0
HLA-A*02:06,TQRKWEAARE,0
HLA-B*53:01,HRRARALKK,0
HLA-A*33:01,PRIRIETR,1
HLA-B*57:01,QGQRAVLGGRVW,0
HLA-A*34:02,DNICNFLEGGSLIG,0
HLA-B*52:01,LPVHLLIT,0
HLA-B*27:05,GRVKDLESLF,1
HLA-B*15:01,RDVCISLEIDD,0
HLA-A*01:01,LEHLPCRI,0
HLA-C*12:03,EKGQRFTLR,0
HLA-A*32:01,RLSSGKAD,0
HLA-B*13:01,ETMAPDIHEE,0
HLA-B*57:03,ISDPYGNLKDF,1
HLA-C*16:01,EVEQNRIKLLN,0
HLA-C*14:03,SRKAPPDGWEL,0
HLA-B*37:01,QGRDEQSEEK,0
HLA-B*14:02,WHRVLLKG,0
HLA-B*51:01,LGYDTRVTV,1
HLA-B*40:01,KEDEIQDISL,1
HLA-B*58:02,IRRYLRTR,0
HLA-A*11:02,VILRINRAATFV,0
HLA-A*29:02,TRISGQMLA,0
HLA-B*27:01,YDQVGTQEFED,0
HLA-B*07:02,VLDPADPTWNV,0
HLA-B*08:01,SIEGTARSM,0
HLA-C*08:01,RGVQPSKRAH,0
HLA-A*34:01,PLEKTMNSS,0
HLA-C*08:02,PTDDHVQM,0
HLA-C*06:02,AVIKFLEL,0
HLA-A*02:06,GPLDPEEDLSVK,0
HLA-A*11:01,GLGFGGFNTQQ,0
HLA-A*02:01,EPAWITSRQIEAGR,0
HLA-A*02:04,PWTMSTLLQVHVSQ,0
HLA-B*35:01,DMGRFTIAAKH,0
HLA-B*18:01,VATEQPELEGP,0
HLA-B*49:01,LTRENGEPDAF,0
HLA-A*02:03,SFTRLMEYRGNG,0
HLA-B*49:01,GPMTGSSG,0
HLA-C*16:01,TLSPRLECSGMI,0
HLA-A*30:02,RMSGMIRLY,1
HLA-B*07:02,PPGYRGPSC,0
HLA-B*15:01,LQGPCDAG,0
HLA-C*15:02,DLRPYGLTEML,0
HLA-A*11:02,LANREVLLCV,0
HLA-B*44:02,VRRLLPESWGF,0
HLA-B*46:01,IAHAMDRD,0
HLA-B*38:02,RDRIVGDYQ,0
HLA-B*27:01,RPVRIPPGIP,0
HLA-A*34:01,EVAQTADARL,1
HLA-B*35:03,KEHTFISQT,0
HLA-B*53:01,SGTGLKDIKT,0
HLA-C*08:02,YADSSIAEL,1
HLA-B*15:17,RVVEKFLKI,1
HLA-C*06:02,FTARKGKESGGTA,0
HLA-B*44:03,LYPGFEGTEM,0
HLA-A*11:01,PESAAGSQS,0
HLA-A*33:01,EETGHMQHQ,0
HLA-C*03:03,LSLTSEEYT,0
HLA-B*55:01,VHGVVFED,0
HLA-A*02:04,QQLDATSRNIT,0
HLA-A*33:03,MPGGDLVN,0
HLA-B*46:01,ASAVKLNKQQT,0
HLA-A*29:02,LLPVYRWGKGL,0
HLA-A*34:02,NGKTGLEKEQE,0
HLA-A*29:02,MSGKFNKV,0
HLA-B*15:01,RLNQLKPGLQY,1
HLA-B*18:01,TIKATPKAK,0
HLA-C*06:02,KPEVPREKLAS,0
HLA-C*15:02,ANIVRALEL,1
HLA-A*30:01,VTYVPVTTFK,1
HLA-A*33:01,YMHIYETDG,0
HLA-B*07:02,YPEPAPAAL,1
HLA-A*30:02,WQGHMKATQSY,0
HLA-A*24:02,EHKLNDLL,0
HLA-B*15:03,LNSQYCVS,0
HLA-A*02:05,PCLVVLHKP,0
HLA-C*14:03,NHKPKGTFKDY,0
HLA-A*23:01,ENSPTPSPL,0
HLA-C*14:03,IFDEEVDPDEGL,0
HLA-B*54:01,DRQKNHGMHFR,0
HLA-B*58:02,FAKRNVKLI,1
HLA-B*44:03,EGRTSFPEDTVIT,0
HLA-B*15:17,SAEVTTLKDEVD,0
HLA-B*42:01,GVRIPPRC,0
HLA-A*03:01,TVMELVKIIYK,1
HLA-B*44:03,TYHVILDESHYKEL,0
HLA-A*02:06,PTEQEKLSLK,0
HLA-A*30:02,KYDLLVSNAI,0
HLA-B*13:01,RMDEEFTKI,1
HLA-A*29:02,SVSGKGKN,0
HLA-A*26:01,KEEPVDSDED,0
HLA-A*02:05,SQIYCIENA,1
HLA-C*17:01,TIMAVQFD,0
HLA-B*55:01,MAYGSSLAA,1
HLA-A*23:01,EEFTEENKL,0
HLA-A*03:01,KERVPLSY,1
HLA-A*33:01,MLWERLSSTKR,1
HLA-C*15:02,ETTKDLAK,0
HLA-B*40:02,TFKAVLDGL,0
HLA-A*02:02,LNGALTIGT,0
HLA-A*36:01,RITRYPLLIRS,0
HLA-A*02:01,VAAAELFNGPPEK,0
HLA-C*16:01,VITGPNSS,0
HLA-C*07:02,RPSLYVQR,0
HLA-B*39:06,WHYPQDWFQVL,1
HLA-C*01:02,HFARQRLAA,0
HLA-B*13:02,PACQPATARRN,0
HLA-C*08:01,NTEPSSTQ,0
HLA-B*27:09,TWSRRSMV,0
HLA-A*11:01,RTFSSIPVSR,1
HLA-A*02:07,YNHVSKYCASL,0
HLA-B*27:07,LRHPGIVNL,1
HLA-C*05:01,VSDVPSLSV,1
HLA-C*08:01,GAWDESGVF,0
HLA-C*15:02,SDAANLHE,0
HLA-A*34:01,RQDMLALQ,0
HLA-B*40:01,KPTWRVHG,0
HLA-B*27:07,AVLLVFANKQDMPN,0
HLA-B*35:03,RAQEAESAA,0
HLA-B*46:01,VAAKVTQLVEAMEA,0
HLA-B*58:02,SLIPSKISTII,0
HLA-B*27:03,RMLAITANTLRQQ,0
HLA-B*40:06,TESSHFYSA,1
HLA-A*23:01,YNDNNTSHCFN,0
HLA-A*11:01,FVRVLVSK,1
HLA-B*54:01,EEEIASEDM,0
HLA-B*13:02,KAVLELYS,0
HLA-A*02:11,AKLDNLTLM,0
HLA-C*03:02,AAAVFNDRLC,0
HLA-A*03:01,VRLSGYLLPK,1
HLA-C*15:02,LGLLGKDDQRT,0
HLA-B*40:02,SEFDDEPKF,1
HLA-A*02:02,MLRWLIGGG,0
HLA-A*24:02,KYGPVVSLL,1
HLA-B*58:02,HVMYTIHMGCH,0
HLA-B*15:02,LLKDIRSVLEP,0
HLA-B*15:02,GDLDLVMNLMD,0
HLA-C*08:01,PPQPPPQQPP,0
HLA-B*45:01,FDSIDIDVI,1
HLA-B*37:01,VQRLIHRD,0
HLA-B*44:03,SEFPSRNKLF,1
HLA-A*11:01,PEPDAQRF,0
HLA-A*34:02,HLTKHENFHG,0
HLA-A*02:06,FTQCPDGAF,0
HLA-A*03:01,RNTKKVKK,0
HLA-A*34:01,VQRNYGFQI,0
HLA-A*66:01,MDDNRLLTL,1
HLA-C*05:01,LDFNKKILHTAW,0
HLA-B*15:01,IGTAWHGG,0
HLA-C*08:01,KDNEWRLS,0
HLA-A*29:02,VREARAQDYAAL,0
HLA-B*57:01,AISKILRELDTEI,0
HLA-B*40:02,LELYDNDKLSSIDA,0
HLA-B*55:02,RKPVLKPNKPL,0
HLA-C*03:04,ALPKSSAGST,0
HLA-B*40:06,QRQLFLSE,0
HLA-B*15:01,FLMKNAPQF,1
HLA-C*06:02,VRHDGGNVL,1
HLA-B*40:06,SSPQGVQLDIASQS,0
HLA-C*05:01,PECLDGAQH,0
HLA-A*33:03,ETLIPHYSGR,1
HLA-A*02:11,PHQRPHIPL,0
HLA-B*42:01,ENTETDPSLV,0
HLA-A*24:02,VANIDKFEEKLRA,0
HLA-C*14:03,SSSTSSSG,0
HLA-C*08:01,KKTVQFSDD,0
HLA-A*23:01,SSSVHAQST,0
HLA-C*15:02,PSPTGDFYPSPS,0
HLA-C*14:02,TLEIQDLPSQV,0
HLA-A*23:01,PNDFGAVRVGR,0
HLA-C*07:02,FYQRFPLSF,1
HLA-A*02:06,GLTILHGEK,0
HLA-B*37:01,HSPKYTDSN,0
HLA-C*08:02,RRGTQIVLLG,0
HLA-A*02:02,PILRFLQL,0
HLA-B*52:01,VPGVSPQLL,0
HLA-B*40:06,GEMASAQYITA,1
HLA-B*55:02,HSAGRYAA,0
HLA-B*15:01,LGITLAGHQKK,0
HLA-A*30:02,MHGMEEYF,0
HLA-B*27:05,GHFINAALCKA,0
HLA-B*35:03,FGLGGLLN,0
HLA-A*26:01,FDSDVFQTNN,0
HLA-B*40:02,DEPLQEAE,0
HLA-C*16:01,LEKKQKELGIA,0
HLA-A*34:01,AAVDSSVPR,1
HLA-A*23:01,KYVKVFHKY,1
HLA-A*33:01,LEHGRAQLTLAGA,0
HLA-B*27:04,PGLDFDDDGEGNS,0
HLA-A*02:01,DLISHQRTH,0
HLA-B*53:01,WECPMVQPP,0
HLA-A*32:01,ALLPQVLAELN,0
HLA-C*05:01,FIDHISSL,1
HLA-C*05:01,NIDKSLYV,1
HLA-A*11:01,SANTLHSQ,0
HLA-C*14:03,IQEKPAKT,0
HLA-B*55:02,CVCVSNTIR,0
HLA-B*53:01,LCQSRIYWDGP,0
HLA-C*05:01,VDLQSIHKK,0
HLA-B*14:02,RPPMYQRDDII,0
HLA-B*49:01,NYYLTTCLQS,0
HLA-A*03:01,LKSLGVHYVFDTTI,0
HLA-B*07:04,KTARAIRDMC,0
HLA-A*24:07,QAWSPAQNHPIYL,0
HLA-A*02:05,TAICDFIN,0
HLA-B*40:02,LLFQMAESV,0
HLA-C*03:03,PSLSIFKKQ,0
HLA-B*44:03,HLVSIGKQLCKS,0
HLA-B*13:02,ISELREKLD,0
HLA-A*02:01,SEQENISMVE,0
HLA-A*23:01,HPHLPPPPM,0
HLA-C*14:03,NGNQENPSCC,0
HLA-C*01:02,FSPTGKYL,1
HLA-A*11:02,MKAEANALHHK,0
HLA-C*03:04,LDLSPLEYM,0
HLA-A*29:02,SKVEKEHWLYPQQI,0
HLA-A*25:01,FDFEPFRPINQFM,0
HLA-B*13:02,EFAEKKFKEV,0
HLA-B*55:01,NKDSASGQKN,0
HLA-B*07:02,SSDTPSSLSP,0
HLA-B*15:01,RQRLQSNAL,1
HLA-B*57:03,YLRSVMNKVI,0
HLA-B*58:02,TRGRVILALVLPF,0
HLA-A*23:01,AFIRVVGSEF,1
HLA-C*03:04,EDEILWVG,0
HLA-B*38:02,MEMCHKPDV,0
HLA-C*15:02,VMDTYECQ,0
HLA-A*74:01,LTHKLADIVKI,0
HLA-A*02:05,ESELRSICT,0
HLA-C*07:01,VKEGCTVSP,0
HLA-C*07:01,AHPAGPPTLDP,0
HLA-C*08:02,DKPETFLK,0
HLA-B*13:01,TIQRWSPIASTL,0
HLA-B*40:01,SEPVLKGVKL,1
HLA-B*15:02,DSVIEIQASDSQC,0
HLA-A*11:01,STLQVGSLNVK,1
HLA-A*02:04,GHSFVTADC,0
HLA-B*38:01,RDGRLEEE,0
HLA-A*02:02,FSVTLLGFCSE,0
HLA-A*34:01,RTSSSAVA,0
HLA-C*05:01,IIFKDSEDY,0
HLA-A*34:01,NLPSKRVSIS,0
HLA-A*11:01,RVIISAPSADA,0
HLA-B*40:01,LAEAERQRR,0
HLA-C*15:02,SEDLSRYP,0
HLA-A*34:02,PRNKPLKALD,0
HLA-C*04:01,ESQNTELKTQ,0
HLA-A*24:02,SSASAGSSSQTK,0
HLA-A*11:01,SVFEHTIFPSEY,1
HLA-B*07:04,SVAVSSIAGS,0
HLA-A*30:01,TILGSPSPE,0
HLA-C*14:03,GPPLLIPMY,0
HLA-C*05:01,NADQPLRV,1
HLA-B*44:02,ALHPVSTPSK,0
HLA-A*33:01,SHEGKILEETPK,0
HLA-C*03:03,LLQDWPEHP,0
HLA-A*02:05,LIVYVMGG,0
HLA-C*14:02,LLRLCAWGL,0
HLA-C*03:04,FAGMPITL,1
HLA-A*30:02,QYQQIIQPPP,0
HLA-B*15:17,AKYRDHVTATQ,0
HLA-B*57:03,SINKSLLTLG,0
HLA-B*40:02,FGVTFTFVSCLRNG,0
HLA-C*14:02,RFPDFVRDF,1
HLA-B*07:02,FVNRMKSN,0
HLA-B*15:01,DVSSFQTMDQM,0
HLA-B*35:07,IVNPVNDTVVL,0
HLA-B*08:01,EKVAIIEEL,0
HLA-A*34:01,TAQGMQLL,0
HLA-B*13:01,LCPLCMRSRR,0
HLA-B*37:01,VVINGLATVD,0
HLA-A*02:07,CFSQSSHLIQHQRT,0
HLA-A*30:02,SNPTPMEPTS,0
HLA-A*02:03,NISKLLKSK,0
HLA-A*23:01,QGLDFFPFL,1
HLA-A*02:07,QQAMKARQI,0
HLA-C*02:02,FAKEVLPKY,1
HLA-C*08:02,YENPPHIYAL,0
HLA-A*34:02,IARKQGLV,0
HLA-B*40:01,LLSSTLVYNSMGTI,0
HLA-A*25:01,SRAVPPSTTVL,0
HLA-B*35:01,RRIRRPDELDS,0
HLA-B*18:01,REYQQRYGA,0
HLA-B*35:07,APLDDAQEI,0
HLA-A*02:07,LVPYIKAACEM,0
HLA-B*13:01,LRQMGYTEAI,0
HLA-C*08:02,DSESRGGRDR,0
HLA-B*15:01,KDHSFLTNDE,0
HLA-B*42:01,ELYGPSMRPLF,0
HLA-C*07:04,QRIACYQE,0
HLA-A*02:02,TLLPGCTHLQAA,0
HLA-A*02:01,LWELRTKQP,0
HLA-A*33:03,IYLDKMITR,1
HLA-B*46:01,TTKAPTGPF,1
HLA-B*27:05,NLRDLYSTVID,0
HLA-A*32:01,RVGAFLKNAW,1
HLA-A*23:01,VYQSKPATL,1
HLA-B*40:02,IAEEAYRLMKNDKQ,0
HLA-A*01:01,IMDTVQFGKDAYVY,1
HLA-C*06:02,FRYNGTVGL,1
HLA-C*06:02,LRRICRDG,0
HLA-B*13:02,AYKASTSDY,0
HLA-B*35:07,VPIRKAKT,0
HLA-B*55:02,LGSLKPGVQGK,0
HLA-A*11:02,LPRTDGLQE,0
HLA-C*15:02,TSEIYVHRSGR,0
HLA-C*08:02,SIIFMNGNRS,0
HLA-A*26:01,LVSILKCM,0
HLA-B*38:02,PPAPCRDYP,0
HLA-C*03:02,HSGATTTAPSL,0
HLA-B*53:01,SQLRYIQQG,0
HLA-A*02:02,VKDDRILIEFDTLK,0
HLA-A*29:02,LQILGIGRNGHIGF,0
HLA-A*25:01,QPLLKHWG,0
HLA-B*27:05,YRIKFKESF,1
HLA-B*40:06,SGSSKTFPTR,0
HLA-A*01:01,IDTAWAYET,0
HLA-B*57:03,HLCSLGSWAA,0
HLA-B*46:01,DFNIECDNLKIEEN,0
HLA-B*15:17,EEEEDDNNEG,0
HLA-C*03:04,LGENVAMLLMLGL,0
HLA-A*02:06,LGVHPDQETYT,0
HLA-A*34:01,EVYVEVAYPR,1
HLA-A*24:07,YHISVQNMMRR,0
HLA-B*55:01,IIQETEKE,0
HLA-B*27:09,WDAWSNSRDS,0
HLA-B*53:01,EGKPLLQRHR,0
HLA-A*02:04,YFISGVMQELVLN,0
HLA-B*44:03,TELLIRKLPF,1
HLA-C*14:03,KVTVFNASS,0
HLA-B*57:01,HALLLDAAGQVFSW,1
HLA-B*57:01,VIKRSPRKRGRPR,0
HLA-B*15:03,AHADQLTKEKI,0
HLA-A*29:02,QLWIHNKCDLLGNA,0
HLA-C*04:03,KKKADWALR,0
HLA-B*35:07,HFLKHAHLASP,0
HLA-A*11:02,RESASAKIKEE,0
HLA-B*42:01,YEVTWYIS,0
HLA-C*07:04,PGPKKPKE,0
HLA-B*42:01,GMDDDRGPRR,0
HLA-B*42:01,IEEVKNGGWT,0
HLA-C*17:01,DDARTGEKVLT,0
HLA-C*17:01,LSPTTGHCN,0
HLA-A*03:01,RWHELMLDKA,0
HLA-A*02:04,IPRPLAKDFHPDH,0
HLA-A*32:01,NRMYLTPSEK,0
HLA-A*24:07,KDYEACKA,0
HLA-C*02:02,SETDLLQRQS,0
HLA-B*42:01,DNLPEAFP,0
HLA-B*40:02,TMGAYREEAIARI,0
HLA-A*30:02,KFSPEKVKAAFKE,0
HLA-A*02:03,KSVPGVMTARGC,0
HLA-A*34:01,VMFEVWRNHPQ,0
HLA-B*57:03,YGAALMEVVCRD,0
HLA-A*02:07,NPVEFYRRDVPLL,0
HLA-A*02:05,PGTPRRGGQ,0
HLA-B*58:01,AGAAVLKRDEAP,0
HLA-B*42:01,PYDLRASFCR,0
HLA-A*02:05,DEGFRSRQFA,0
HLA-B*38:01,NKQDWIKH,0
HLA-B*15:01,INPGAFTHT,0
HLA-B*57:01,LFFPDEAINKHPRF,0
HLA-A*33:03,AVQSSGAPAT,0
HLA-A*02:05,SIGLHLVEK,0
HLA-A*02:05,ENFTTCWR,0
HLA-C*12:03,VYDICGMYA,0
HLA-B*07:02,LVDLARRA,0
HLA-A*34:02,RRVEHNQSYSQ,0
HLA-C*02:02,NTPAKHLNSK,0
HLA-A*33:01,SDQTSYLSI,0
HLA-A*11:02,ADAETFSEGEM,0
HLA-A*02:07,STTPKLILSN,0
HLA-B*40:01,AEHNPQYLIEL,1
HLA-A*23:01,LLRWCQGAE,0
HLA-A*02:07,GWIRNGESML,0
HLA-C*08:02,LVVMRDWIAA,0
