cdr3a,cdr3b,Va,Ja,Vb,Jb,peptide,HLA,label
CAVVRSGTYKYIF,CASSLTGTGALYEQYF,TRAV8-3*01,TRAJ40*01,TRBV7-9*01,TRBJ2-7*01,GILGFVFTL,HLA-A*02:01,0
CAVKDGGSQGNLIF,CASSFDSQLYEQYF,TRAV21*01,TRAJ42*01,TRBV7-9*03,TRBJ2-7*01,GILGFVFTL,HLA-A*02:01,0
CAFMEYGNKLVF,CASSFLGVTYGYTF,TRAV38-1*01,TRAJ47*01,TRBV13*01,TRBJ1-2*01,CINGVCWTV,HLA-A*02:01,1
CAVREDNAGNMLTF,CASGPLLLMTNEQFF,TRAV1-2*01,TRAJ39*01,TRBV12-4*01,TRBJ2-1*01,TTDPSFLGRY,HLA-A*01:01,0
CAVRDLNARLMF,CASSSVNEQYF,TRAV3*01,TRAJ31*01,TRBV12-3*01,TRBJ2-7*01,CINGVCWTV,HLA-A*02:01,0
CATDEAARLMF,CASSPSGRQGAREQYF,TRAV17*01,TRAJ31*01,TRBV7-9*01,TRBJ2-7*01,GILGFVFTL,HLA-A*02:01,0
CAGAFGNEKLTF,CASSLGWGDNEQFF,TRAV35*01,TRAJ48*01,TRBV5-1*01,TRBJ2-1*01,LLWNGPMAV,HLA-A*02:01,0
CPGADGGIQRNLIF,CASSIMGSGNTIYF,TRAV27*01,TRAJ42*01,TRBV19*02,TRBJ1-3*01,YLQPRTFLL,HLA-A*02:01,0
CALSTGGTSYGKLTF,CASRGDLEGYTF,TRAV9-1*01,TRAJ52*01,TRBV2*01,TRBJ1-2*01,NLVPMVATV,HLA-A*02:01,0
CAVMDSNYQLIW,CASSIGTGHATDTQYF,TRAV1-2*01,TRAJ33*01,TRBV6-4*01,TRBJ2-3*01,NYNYLYRLF,HLA-A*24:02,0
CAMSGRAGGTSYGKLTF,CASSLVETNYGYTF,TRAV12-3*01,TRAJ52*01,TRBV6-5*01,TRBJ1-2*01,GILGFVFTL,HLA-A*02:01,0
CAAPSGNTPLVF,CSVEESVGGSPLQQYF,TRAV12-2*01,TRAJ29*01,TRBV29-1*01,TRBJ2-7*01,YLQPRTFLL,HLA-A*02:01,0
CAVNPGNTDKLIF,CASGLLTGGSNTEAFF,TRAV12-2*01,TRAJ34*01,TRBV12-5*01,TRBJ1-1*01,NLVPMVATV,HLA-A*02:01,0
CVVNIGSTLTF,CASSTGGRGEQFF,TRAV12-1*01,TRAJ11*01,TRBV7-3*01,TRBJ2-1*01,LTDEMIAQY,HLA-A*01:01,1
CAVGAQKLVF,CAISEVLTGAYGYTF,TRAV12-2*01,TRAJ54*01,TRBV10-3*01,TRBJ1-2*01,GILGFVFTL,HLA-A*02:01,0
CAESTPGKLIF,CASSQSPGGITYF,TRAV5*01,TRAJ37*01,TRBV14*01,TRBJ2-3*01,NQKLIANQF,HLA-B*15:01,0
CAVDPAETDKLIF,CASSLVGDYEQYF,TRAV8-1*01,TRAJ34*01,TRBV5-6*01,TRBJ2-7*01,LLWNGPMAV,HLA-A*02:01,0
CAASKGNNARLMF,CASSLGGPGEAFF,TRAV13-1*01,TRAJ31*01,TRBV7-9*01,TRBJ1-1*01,NYNYLYRLF,HLA-A*24:02,0
CAEWTGGYQKVTF,CASGFDAGQGSYEQYF,TRAV1-2*01,TRAJ13*01,TRBV28*01,TRBJ2-7*01,TTDPSFLGRY,HLA-A*01:01,1
CAVNAGQAGTALIF,CASSLTLRGGAGELFF,TRAV8-1*01,TRAJ15*01,TRBV11-2*01,TRBJ2-2*01,GLCTLVAML,HLA-A*02:01,0
CALSYLGLQAGTALIF,CASSQDPWAGSAFF,TRAV19*01,TRAJ15*01,TRBV4-1*01,TRBJ1-1*01,GILGFVFTL,HLA-A*02:01,0
CAGEGGGSQGNLIF,CASSIRSSYEQYF,TRAV27*01,TRAJ42*01,TRBV19*02,TRBJ2-7*01,SPRWYFYYL,HLA-B*07:02,0
CAVGSWDSGGSNYKLTF,CASSMFHSGNTIYF,TRAV36/DV7*01,TRAJ53*01,TRBV19*01,TRBJ1-3*01,YLQPRTFLL,HLA-A*02:01,0
CAGGYQKVTF,CASAALAAYNEQFF,TRAV27*01,TRAJ13*01,TRBV6-2*01,TRBJ2-1*01,CINGVCWTV,HLA-A*02:01,0
CAASDGNTGKLIF,CASWTDDNQPQHF,TRAV29/DV5*01,TRAJ37*01,TRBV2*01,TRBJ1-5*01,CINGVCWTV,HLA-A*02:01,0
CAVRMGGGAGYSTLTF,CATSDSAGYNEQFF,TRAV8-4*01,TRAJ11*01,TRBV24-1*01,TRBJ2-1*01,YLQPRTFLL,HLA-A*02:01,0
CGSYNNNDMRF,CASRASSHTQYF,TRAV30*01,TRAJ43*01,TRBV6-5*01,TRBJ2-3*01,YLQPRTFLL,HLA-A*02:01,0
CAVIGDKIIF,CASSLGSTGTYEQYF,TRAV12-2*01,TRAJ30*01,TRBV27*01,TRBJ2-7*01,NLVPMVATV,HLA-A*02:01,0
CAASFSNDYKLSF,CASSYEGPGNTIYF,TRAV13-1*01,TRAJ20*01,TRBV6-6*01,TRBJ1-3*01,GILGFVFTL,HLA-A*02:01,0
CAVSDAGGNTPLVF,CASSGDSGSLEQYF,TRAV8-4*01,TRAJ29*01,TRBV7-8*01,TRBJ2-7*01,LTDEMIAQY,HLA-A*01:01,0
CAGLSGGYNKLIF,CASSLLGNTEAFF,TRAV25*01,TRAJ4*01,TRBV5-1*01,TRBJ1-1*01,TPRVTGGGAM,HLA-B*07:02,0
CADDSNARLMF,CSARSDVGNTIYF,TRAV5*01,TRAJ31*01,TRBV20-1*01,TRBJ1-3*01,GLCTLVAML,HLA-A*02:01,1
CAPNAGGTSYGKLTF,CASSVAYRGNEQFF,TRAV24*01,TRAJ52*01,TRBV9*01,TRBJ2-1*01,YLQPRTFLL,HLA-A*02:01,1
CALSEAVGNNFNKFYF,CASSGSGGGHIEQFF,TRAV19*01,TRAJ21*01,TRBV5-6*01,TRBJ2-1*01,CINGVCWTV,HLA-A*02:01,0
CAGSYGGSQGNLIF,CASSSRSHQPQHF,TRAV25*01,TRAJ42*01,TRBV19*01,TRBJ1-5*01,CINGVCWTV,HLA-A*02:01,0
CVVNAPSGNTPLVF,CSARDLGAQNTGELFF,TRAV12-1*01,TRAJ29*01,TRBV20-1*01,TRBJ2-2*01,YLQPRTFLL,HLA-A*02:01,1
CAEKIAGGKSTF,CASSPGGAGLVNEQYF,TRAV5*01,TRAJ27*01,TRBV9*01,TRBJ2-7*01,YLQPRTFLL,HLA-A*02:01,0
CASSSVNEQYF,CASSPITGTGAYGYTF,TRAV9-2*01,TRAJ40*01,TRBV6-5*01,TRBJ1-2*01,GILGFVFTL,HLA-A*02:01,0
CALSGPTGTASKLTF,CASSWTSGSYEQYF,TRAV16*01,TRAJ44*01,TRBV28*01,TRBJ2-7*01,NLVPMVATV,HLA-A*02:01,0
CAESIRSFNKFYF,CASSDSRANTGELFF,TRAV5*01,TRAJ21*01,TRBV25-1*01,TRBJ2-2*01,LLWNGPMAV,HLA-A*02:01,0
CAYRSLYVSGAGSYQLTF,CASSENSNSNQPQHF,TRAV38-2/DV8*01,TRAJ28*01,TRBV4-2*01,TRBJ1-5*01,YLQPRTFLL,HLA-A*02:01,0
CAVTPGDYKLSF,CAISGGEAGNQPQHF,TRAV8-4*01,TRAJ20*01,TRBV10-3*01,TRBJ1-5*01,YLQPRTFLL,HLA-A*02:01,0
CAERRNAGNNRKLIW,CATSTGGGYEQYF,TRAV5*01,TRAJ38*01,TRBV15*01,TRBJ2-7*01,KSKRTPMGF,HLA-B*57:01,0
CVVTGGYQKVTF,CASSWDKFYEQYF,TRAV12-1*01,TRAJ13*01,TRBV5-1*01,TRBJ2-7*01,NLVPMVATV,HLA-A*02:01,0
CAGGGSSNTGKLIF,CASSIRSSYEQYF,TRAV27*01,TRAJ37*01,TRBV19*01,TRBJ2-7*01,RAQAPPPSW,HLA-B*57:01,0
CAPNAGGTSYGKLTF,CASSSGTGVWGNYGYTF,TRAV41*01,TRAJ52*01,TRBV7-2*01,TRBJ1-2*01,GILGFVFTL,HLA-A*02:01,0
CAFMKPPYGNYQLIW,CATSDLGPTGELFF,TRAV38-1*01,TRAJ33*01,TRBV24-1*01,TRBJ2-2*01,TTDPSFLGRY,HLA-A*01:01,1
CAGYSSNTGKLIF,CASFDRFGYTF,TRAV27*01,TRAJ37*01,TRBV27*01,TRBJ1-2*01,TTDPSFLGRY,HLA-A*01:01,0
CLVGEANGGSQGNLIF,CAILGGGAVRDQPQHF,TRAV4*01,TRAJ42*01,TRBV9*01,TRBJ1-5*01,YLQPRTFLL,HLA-A*02:01,0
CSSSNTGKLIF,CASSLYGAEGEQFF,TRAV29/DV5*01,TRAJ37*01,TRBV5-8*01,TRBJ2-1*01,CINGVCWTV,HLA-A*02:01,0
CIPLKGDSNYQLIW,CASRLTRGTEAFF,TRAV26-2*01,TRAJ33*01,TRBV27*01,TRBJ1-1*01,NLVPMVATV,HLA-A*02:01,0
CAVCNFNKFYF,CASSITLGTGGVEQYF,TRAV24*01,TRAJ21*01,TRBV27*01,TRBJ2-7*01,CINGVCWTV,HLA-A*02:01,0
CVVVAYSGAGSYQLTF,CASSLTGTTYGGYTF,TRAV10*01,TRAJ28*01,TRBV7-2*01,TRBJ1-2*01,NLVPMVATV,HLA-A*02:01,1
CATRNTDKLIF,CASSFGRGGSQPQHF,TRAV17*01,TRAJ34*01,TRBV27*01,TRBJ1-5*01,TTDPSFLGRY,HLA-A*01:01,0
CAPNSGGYQKVTF,CASSPGPETGELFF,TRAV1-2*01,TRAJ13*01,TRBV2*01,TRBJ2-2*01,CINGVCWTV,HLA-A*02:01,0
CAVDSSGSARQLTF,CSARADSGSGYEQYF,TRAV39*01,TRAJ22*01,TRBV20-1*01,TRBJ2-7*01,NLVPMVATV,HLA-A*02:01,0
CAFIYNQGGKLIF,CASSDRTGAEAFF,TRAV38-1*01,TRAJ23*01,TRBV19*01,TRBJ1-1*01,LLWNGPMAV,HLA-A*02:01,0
CAASATYGNKLVF,CASRSELLPYEQYF,TRAV29/DV5*01,TRAJ47*01,TRBV28*01,TRBJ2-7*01,KSKRTPMGF,HLA-B*57:01,0
CAVNPSGGSYIPTF,CAISESMSGAEDEQFF,TRAV12-2*01,TRAJ6*01,TRBV10-3*01,TRBJ2-1*01,GILGFVFTL,HLA-A*02:01,0
CAVTEDDKIIF,CASSSSGGASYEQYF,TRAV12-2*01,TRAJ30*01,TRBV28*01,TRBJ2-7*01,YLQPRTFLL,HLA-A*02:01,0
CAGPGTNAGKSTF,CASSTRSSYEQYF,TRAV27*01,TRAJ27*01,TRBV19*01,TRBJ2-7*01,GILGFVFTL,HLA-A*02:01,0
CAFMIGAGGTSYGKLTF,CASSQGAFGYTF,TRAV38-1*01,TRAJ52*01,TRBV19*01,TRBJ1-2*01,GILGFVFTL,HLA-A*02:01,1
CAARSSNTGKLIF,CASRGFGTGVTQETQYF,TRAV29/DV5*01,TRAJ37*01,TRBV11-2*01,TRBJ2-5*01,GILGFVFTL,HLA-A*02:01,0
CFHYGGATNKLIF,CASSLRGPTGYTF,TRAV1-2*01,TRAJ32*01,TRBV28*01,TRBJ1-2*01,GILGFVFTL,HLA-A*02:01,0
CAVSDGYGSGNTPLVF,CASSSPGLAGDRQYF,TRAV8-6*01,TRAJ29*01,TRBV12-4*01,TRBJ2-3*01,TTDPSFLGRY,HLA-A*01:01,0
CAASAGGSQGNLIF,CASSQDLGEETQYF,TRAV29/DV5*01,TRAJ42*01,TRBV3-1*01,TRBJ2-5*01,GLCTLVAML,HLA-A*02:01,0
CAASVNDYKLSF,CASSLAGGSSYEQYF,TRAV29/DV5*01,TRAJ20*01,TRBV7-2*01,TRBJ2-7*01,LLWNGPMAV,HLA-A*02:01,0
CVVNRNNDMRF,CAGQVTNTGELFF,TRAV12-1*01,TRAJ43*01,TRBV19*01,TRBJ2-2*01,NLVPMVATV,HLA-A*02:01,0
CAGGLSNDYKLSF,CATSRVGRLAGGVDTQYF,TRAV39*01,TRAJ20*01,TRBV15*01,TRBJ2-3*01,SPRWYFYYL,HLA-B*07:02,0
CAASPFGSSASKIIF,CSARSGPLGRTQYF,TRAV13-1*01,TRAJ3*01,TRBV20-1*01,TRBJ2-5*01,GILGFVFTL,HLA-A*02:01,0
CAVGDSTSGTYKYIF,CASSSGQGGNEQFF,TRAV13-2*01,TRAJ40*01,TRBV13*01,TRBJ2-1*01,GILGFVFTL,HLA-A*02:01,0
CALSVEVLVVPAGKLTF,CASTDGTGVNTGELFF,TRAV16*01,TRAJ52*01,TRBV9*01,TRBJ2-2*01,LLWNGPMAV,HLA-A*02:01,0
CAMSERGFGNVLHC,CASSLGPGQGHEATEAFF,TRAV12-3*01,TRAJ35*01,TRBV5-1*01,TRBJ1-1*01,RAQAPPPSW,HLA-B*57:01,0
CVMGWGKLQF,CASSLDRSTGELFF,TRAV10*01,TRAJ24*01,TRBV27*01,TRBJ2-2*01,GILGFVFTL,HLA-A*02:01,0
CAVSLYTGGFKTIF,CASGPVSEQFF,TRAV1-1*01,TRAJ9*01,TRBV14*01,TRBJ2-1*01,NLVPMVATV,HLA-A*02:01,0
CATGTASKLTF,CASSPRTPTYEQYF,TRAV17*01,TRAJ44*01,TRBV7-6*01,TRBJ2-7*01,LLWNGPMAV,HLA-A*02:01,0
CVVNRGDGLTF,CSARDQQGQNTGELFF,TRAV12-1*01,TRAJ45*01,TRBV20-1*01,TRBJ2-2*01,YLQPRTFLL,HLA-A*02:01,1
CVVNMIMNTGFQKLVF,CAWSVTSTGGTEAFF,TRAV12-1*01,TRAJ8*01,TRBV30*01,TRBJ1-1*01,CINGVCWTV,HLA-A*02:01,0
CAVGAIGLIF,CSATPYLTENTEAFF,TRAV8-3*01,TRAJ37*01,TRBV20-1*01,TRBJ1-1*01,ATDALMTGF,HLA-A*01:01,0
CAAGDYGQNFVF,CAISESSTGIYEQYF,TRAV29/DV5*01,TRAJ26*01,TRBV10-3*01,TRBJ2-7*01,GILGFVFTL,HLA-A*02:01,0
CAGASGSSNTGKLIF,CASSIRSGWEQYF,TRAV27*01,TRAJ37*01,TRBV19*01,TRBJ2-7*01,ATDALMTGF,HLA-A*01:01,0
CAARNHMNYGGSQGNLIF,CASSYSRPTGHTEAFF,TRAV21*01,TRAJ42*01,TRBV6-2*01,TRBJ1-1*01,SPRWYFYYL,HLA-B*07:02,0
CAVLGGSNYQLIW,CASSRTGVGEQYF,TRAV8-3*01,TRAJ33*01,TRBV25-1*01,TRBJ2-7*01,KSKRTPMGF,HLA-B*57:01,0
CAGEGGGSQGNLIF,CASSIRSSYEQYF,TRAV27*01,TRAJ42*01,TRBV19*01,TRBJ2-7*01,GILGFVFTL,HLA-A*02:01,1
CAVRDTHKLSF,CASSLQEKLFF,TRAV1-2*01,TRAJ20*01,TRBV3-1*01,TRBJ1-4*01,YLQPRTFLL,HLA-A*02:01,0
CALSGNTDKLIF,CASSLAGGIVDEQFF,TRAV9-2*01,TRAJ34*01,TRBV28*01,TRBJ2-1*01,TTDPSFLGRY,HLA-A*01:01,1
CVVSDLYGGSQGNLIF,CASSMWTSGGPTDTQYF,TRAV8-2*01,TRAJ42*01,TRBV9*01,TRBJ2-3*01,LTDEMIAQY,HLA-A*01:01,0
CAASAFISNTGKLIF,CASSDDGTGIETQYF,TRAV29/DV5*01,TRAJ37*01,TRBV9*01,TRBJ2-5*01,TTDPSFLGRY,HLA-A*01:01,1
CAMSDFGNEKLTF,CASSQVRGNTEAFF,TRAV12-3*01,TRAJ48*01,TRBV4-1*01,TRBJ1-1*01,TTDPSFLGRY,HLA-A*01:01,0
CAVRDIENNFNKFYF,CASSVGGNAEAFF,TRAV3*01,TRAJ21*01,TRBV5-6*01,TRBJ1-1*01,KSKRTPMGF,HLA-B*57:01,0
CVVTPPSMNTGFQKLVF,CASSEWQGGYEQYF,TRAV12-1*01,TRAJ8*01,TRBV6-1*01,TRBJ2-7*01,CINGVCWTV,HLA-A*02:01,0
CAEIQASGGSYIPTF,CATGRGGMIGEQYF,TRAV5*01,TRAJ6*01,TRBV15*01,TRBJ2-7*01,YLQPRTFLL,HLA-A*02:01,0
CGTYNPGANNLFF,CASSPGGGSYEQYF,TRAV30*01,TRAJ36*01,TRBV9*01,TRBJ2-7*01,YLQPRTFLL,HLA-A*02:01,0
CVGAGSYQLTF,CASSGTGVSPLHF,TRAV12-1*01,TRAJ28*01,TRBV5-1*01,TRBJ1-6*01,GLCTLVAML,HLA-A*02:01,0
CAEAYGQNFVF,CASSLGGQTAWEAFF,TRAV5*01,TRAJ26*01,TRBV5-6*01,TRBJ1-1*01,NQKLIANQF,HLA-B*15:01,0
CAEDANARLMF,CSARDGTGNGYTF,TRAV5*01,TRAJ31*01,TRBV20-1*01,TRBJ1-2*01,CINGVCWTV,HLA-A*02:01,0
CAVGGWAGGTSYGKLTF,CASSYKEGGVGNEQFF,TRAV36/DV7*01,TRAJ52*01,TRBV6-2*01,TRBJ2-1*01,LLWNGPMAV,HLA-A*02:01,0
CAVDKYEGNKLVF,CAWSEDSTDTQYF,TRAV39*01,TRAJ47*01,TRBV30*01,TRBJ2-3*01,KSKRTPMGF,HLA-B*57:01,0
CAKDGGYNKLIF,CSARGGAGTEAFF,TRAV5*01,TRAJ4*01,TRBV20-1*01,TRBJ1-1*01,NLVPMVATV,HLA-A*02:01,0
CAVTDSNYQLIW,CSARDMASGRNEQYF,TRAV1-2*01,TRAJ33*01,TRBV20-1*01,TRBJ2-7*01,SPRWYFYYL,HLA-B*07:02,0
CAGRPEVDSQGNLIF,CASSIFSVSNEQYF,TRAV35*01,TRAJ42*01,TRBV19*01,TRBJ2-7*01,KSKRTPMGF,HLA-B*57:01,0
CAVVDSNYQLIW,CASSGTGEPSYNEQFF,TRAV1-2*01,TRAJ33*01,TRBV6-2*01,TRBJ2-1*01,TTDPSFLGRY,HLA-A*01:01,0
CAVDNQGGKLIF,CASTPGWGRRDTEAFF,TRAV8-3*01,TRAJ23*01,TRBV6-5*01,TRBJ1-1*01,GILGFVFTL,HLA-A*02:01,0
CASGGSQGNLIF,CASSFGTFETQYF,TRAV29/DV5*01,TRAJ42*01,TRBV27*01,TRBJ2-5*01,GILGFVFTL,HLA-A*02:01,0
CAVDMPEIQGAQKLVF,CAWTSWYMNTEAFF,TRAV39*01,TRAJ54*01,TRBV30*01,TRBJ1-1*01,TTDPSFLGRY,HLA-A*01:01,0
CAAETTSGTYKYIF,CASSPIAGSSYEQYF,TRAV41*01,TRAJ40*01,TRBV14*01,TRBJ2-7*01,ATDALMTGF,HLA-A*01:01,0
CAGTYGGSQGNLIF,CASSIRSTGELFF,TRAV25*01,TRAJ42*01,TRBV19*01,TRBJ2-2*01,GLCTLVAML,HLA-A*02:01,0
CAEIRDDKIIF,CATSRVGQANGYTF,TRAV22*01,TRAJ30*01,TRBV15*01,TRBJ1-2*01,RAQAPPPSW,HLA-B*57:01,0
CAVRVGGVSGNTGGFKTIF,CATSRDVDPEVSGYTF,TRAV1-2*01,TRAJ9*01,TRBV15*01,TRBJ1-2*01,YLQPRTFLL,HLA-A*02:01,0
CAGPDGSSNTGKLIF,CASSLIFPSGEQYF,TRAV35*01,TRAJ37*01,TRBV27*01,TRBJ2-7*01,NLVPMVATV,HLA-A*02:01,0
CAEILMDSNYQLIW,CASSLAGGLAGPSYEQYF,TRAV5*01,TRAJ33*01,TRBV7-8*01,TRBJ2-7*01,GILGFVFTL,HLA-A*02:01,0
CAGPTGNQFYF,CASTPSSYNEQFF,TRAV35*01,TRAJ49*01,TRBV6-6*01,TRBJ2-1*01,YLQPRTFLL,HLA-A*02:01,0
CAYRSHENSGGSNYKLTF,CASSLSPFSADYEQYF,TRAV38-2/DV8*01,TRAJ53*01,TRBV27*01,TRBJ2-7*01,GILGFVFTL,HLA-A*02:01,0
CVVNEADKLIF,CASSEQNTGELFF,TRAV12-1*01,TRAJ34*01,TRBV9*01,TRBJ2-2*01,NLVPMVATV,HLA-A*02:01,0
CADGSGNTGKLIF,CASSLLAGGPAGELFF,TRAV25*01,TRAJ37*01,TRBV14*01,TRBJ2-2*01,TTDPSFLGRY,HLA-A*01:01,0
CATDVSYNTDKLIF,CASSFPVTAITGNTEAFF,TRAV17*01,TRAJ34*01,TRBV11-2*01,TRBJ1-1*01,LLWNGPMAV,HLA-A*02:01,0
CAALGNQFYF,CASSLGAGTYEQYF,TRAV8-4*01,TRAJ49*01,TRBV7-8*01,TRBJ2-7*01,RAQAPPPSW,HLA-B*57:01,0
CLVATILTGGGNKLTF,CASSLGTGAQETQYF,TRAV4*01,TRAJ10*01,TRBV7-3*01,TRBJ2-5*01,GILGFVFTL,HLA-A*02:01,0
CLVGDQGGGYNKLIF,CASSPMGHEQYF,TRAV4*01,TRAJ4*01,TRBV14*01,TRBJ2-7*01,GILGFVFTL,HLA-A*02:01,0
CAGPNTDKLIF,CASSMVGTGREQYF,TRAV12-2*01,TRAJ34*01,TRBV19*01,TRBJ2-7*01,LLWNGPMAV,HLA-A*02:01,0
CAVGGMFSGGYNKLIF,CASRRTSGGLSETQYF,TRAV8-3*01,TRAJ4*01,TRBV6-1*01,TRBJ2-5*01,NQKLIANQF,HLA-B*15:01,0
CAGQLWTGTASKLTF,CASSLGRGIYEQYF,TRAV35*01,TRAJ44*01,TRBV5-4*01,TRBJ2-7*01,NLVPMVATV,HLA-A*02:01,1
CAFMINAGGTSYGKLTF,CASSIGAYGYTF,TRAV38-1*01,TRAJ52*01,TRBV19*01,TRBJ1-2*01,GILGFVFTL,HLA-A*02:01,1
CAVLNFGNEKLTF,CASRTPAGANTEAFF,TRAV39*01,TRAJ48*01,TRBV2*01,TRBJ1-1*01,NQKLIANQF,HLA-B*15:01,1
CAVRRAAGNKLTF,CASSLGSPGTGRRNQPQHF,TRAV8-1*01,TRAJ17*01,TRBV7-8*01,TRBJ1-5*01,NLVPMVATV,HLA-A*02:01,0
CALSEPNRDDKIIF,CASSQVGTGETDTQYF,TRAV19*01,TRAJ30*01,TRBV19*01,TRBJ2-3*01,CINGVCWTV,HLA-A*02:01,0
CALILYGQNFVF,CASSSADQPQHF,TRAV19*01,TRAJ26*01,TRBV7-9*01,TRBJ1-5*01,GILGFVFTL,HLA-A*02:01,0
CAERDGSWGKLQF,CASSEGNLQNTEAFF,TRAV5*01,TRAJ24*01,TRBV2*01,TRBJ1-1*01,GILGFVFTL,HLA-A*02:01,0
CVVSETGTASKLTF,CASSQGGQSAWTQYF,TRAV8-2*01,TRAJ44*01,TRBV3-1*01,TRBJ2-5*01,NLVPMVATV,HLA-A*02:01,0
CVVPNTGNQFYF,CASSQDSSYNEQFF,TRAV12-1*01,TRAJ49*01,TRBV3-1*01,TRBJ2-1*01,LLWNGPMAV,HLA-A*02:01,0
CALQGSQGNLIF,CASSSRSGVEQYF,TRAV9-2*01,TRAJ42*01,TRBV19*02,TRBJ2-7*01,GILGFVFTL,HLA-A*02:01,1
CVVNIFSGSGAGSYQLTF,CASSEAGGYEQYF,TRAV12-1*01,TRAJ28*01,TRBV6-1*01,TRBJ2-7*01,NLVPMVATV,HLA-A*02:01,0
CAFMIGAGGTSYGKLTF,CASSIGSYGYTF,TRAV38-1*01,TRAJ52*01,TRBV19*02,TRBJ1-2*01,GLCTLVAML,HLA-A*02:01,0
CAYSTDSWGKLQF,CASSQGQLNQPQHF,TRAV24*01,TRAJ24*01,TRBV3-1*01,TRBJ1-5*01,GILGFVFTL,HLA-A*02:01,0
CVVNVLRGSNYKLTF,CASSLTSGYEQYF,TRAV12-1*01,TRAJ53*01,TRBV11-2*01,TRBJ2-7*01,NYNYLYRLF,HLA-A*24:02,1
CAYSKLKAAGNKLTF,CASSQREGTDTQYF,TRAV38-2/DV8*01,TRAJ17*01,TRBV14*01,TRBJ2-3*01,GILGFVFTL,HLA-A*02:01,0
CAASAGAGTYKYIF,CASSRGRRSQSNEQFF,TRAV29/DV5*01,TRAJ40*01,TRBV4-1*01,TRBJ2-1*01,NLVPMVATV,HLA-A*02:01,0
CAASDGNAGKSTF,CASSPGGGTMSGNTIYF,TRAV29/DV5*01,TRAJ27*01,TRBV5-4*01,TRBJ1-3*01,TPRVTGGGAM,HLA-B*07:02,0
CVVNAGNMLTF,CASSLLDSLEQYF,TRAV12-1*01,TRAJ39*01,TRBV27*01,TRBJ2-7*01,GILGFVFTL,HLA-A*02:01,0
CAVNTGNQFYF,CASSLEDSQSPYNEQFF,TRAV35*01,TRAJ49*01,TRBV9*01,TRBJ2-1*01,LLWNGPMAV,HLA-A*02:01,0
CVVNIFMDSSYKLIF,CASGLVQGYEQYF,TRAV12-1*01,TRAJ12*01,TRBV12-5*01,TRBJ2-7*01,CINGVCWTV,HLA-A*02:01,0
CAESTSWGKLQF,CSVGAGGTNEKLFF,TRAV5*01,TRAJ24*02,TRBV29-1*01,TRBJ1-4*01,NLVPMVATV,HLA-A*02:01,0
CVVSGDDTGNQFYF,CASSLTLVFEAFF,TRAV8-2*01,TRAJ49*01,TRBV7-9*01,TRBJ1-1*01,GILGFVFTL,HLA-A*02:01,1
CALSERFGSGNTGKLIF,CASSEEVAKLNTEAFF,TRAV19*01,TRAJ37*01,TRBV6-1*01,TRBJ1-1*01,TTDPSFLGRY,HLA-A*01:01,0
CAVGDNAGKSTF,CASSFTPGTAYIHEQYF,TRAV21*01,TRAJ27*01,TRBV28*01,TRBJ2-7*01,YLQPRTFLL,HLA-A*02:01,0
CAGASGSSNTGKLIF,CASSIRSGWEQYF,TRAV27*01,TRAJ37*01,TRBV19*01,TRBJ2-7*01,NLVPMVATV,HLA-A*02:01,0
CAASPLGGYSTLTF,CASSGLTSAKNEQFF,TRAV13-1*01,TRAJ11*01,TRBV25-1*01,TRBJ2-1*01,LLWNGPMAV,HLA-A*02:01,0
CLVGDVPSGGYQKVTF,CSARDRGDEKLFF,TRAV4*01,TRAJ13*01,TRBV20-1*01,TRBJ1-4*01,NLVPMVATV,HLA-A*02:01,0
CAVRRTGGFKTIF,CASSLIGQLDEQYF,TRAV21*01,TRAJ9*01,TRBV11-2*01,TRBJ2-7*01,NLVPMVATV,HLA-A*02:01,0
CAVINSGYSTLTF,CASSPTPSGQGTADTQYF,TRAV21*01,TRAJ11*01,TRBV13*01,TRBJ2-3*01,YLQPRTFLL,HLA-A*02:01,1
CATYRSGGGADGLTF,CASSYGTASGNTIYF,TRAV17*01,TRAJ45*01,TRBV6-5*01,TRBJ1-3*01,TTDPSFLGRY,HLA-A*01:01,0
CAGRDNAADMFTF,CASSQEVGPLPLHF,TRAV8-1*01,TRAJ39*01,TRBV4-2*01,TRBJ1-6*01,NLVPMVATV,HLA-A*02:01,0
CLLNNAGNMLTF,CASSVGRGIQETQYF,TRAV38-2/DV8*01,TRAJ39*01,TRBV19*01,TRBJ2-5*01,TTDPSFLGRY,HLA-A*01:01,0
CAEDRNARLMF,CSARDQTGNTIYF,TRAV5*01,TRAJ31*01,TRBV20-1*01,TRBJ1-3*01,RAQAPPPSW,HLA-B*57:01,0
CAAGGSSNTGKLIF,CSAGLTSRATDTQYF,TRAV29/DV5*01,TRAJ37*01,TRBV20-1*01,TRBJ2-3*01,GLCTLVAML,HLA-A*02:01,0
CAVHSGYSTLTF,CASSEDHRVTGNTIYF,TRAV21*01,TRAJ11*01,TRBV5-4*01,TRBJ1-3*01,TTDPSFLGRY,HLA-A*01:01,1
CAGPRYNARLMF,CASTIGGENNEQFF,TRAV35*01,TRAJ31*01,TRBV2*01,TRBJ2-1*01,GILGFVFTL,HLA-A*02:01,0
CALATGNQFYF,CASSLGHSNQPQHF,TRAV6*01,TRAJ49*01,TRBV28*01,TRBJ1-5*01,NLVPMVATV,HLA-A*02:01,0
CALNTGGFKTIF,CASSLFPDNYGYTF,TRAV8-1*01,TRAJ9*01,TRBV27*01,TRBJ1-2*01,ATDALMTGF,HLA-A*01:01,0
CAVSGSQGNLIF,CASSSRSSYEQYF,TRAV8-6*02,TRAJ42*01,TRBV19*01,TRBJ2-7*01,NLVPMVATV,HLA-A*02:01,0
CVVADSKLTF,CSVTGERGTDTQYF,TRAV12-1*01,TRAJ44*01,TRBV29-1*01,TRBJ2-3*01,SPRWYFYYL,HLA-B*07:02,0
CAAATDSWGKLQF,CASSLEQGLPHAQYF,TRAV29/DV5*01,TRAJ24*01,TRBV5-5*01,TRBJ2-7*01,CINGVCWTV,HLA-A*02:01,0
CALTGSQGNLIF,CASSLRDGGDTQYF,TRAV9-2*01,TRAJ42*01,TRBV27*01,TRBJ2-3*01,NQKLIANQF,HLA-B*15:01,0
CATVSRMDSSYKLIF,CASSLIGVSGSNEQFF,TRAV17*01,TRAJ12*01,TRBV7-9*01,TRBJ2-1*01,CINGVCWTV,HLA-A*02:01,0
CAVRERDNQGGKLIF,CASSFMGQLDEQFF,TRAV21*01,TRAJ23*01,TRBV7-9*03,TRBJ2-1*01,SPRWYFYYL,HLA-B*07:02,0
CIVRVNNDMRF,CASGPEGLAPYNEQFF,TRAV26-1*01,TRAJ43*01,TRBV12-5*01,TRBJ2-1*01,YLQPRTFLL,HLA-A*02:01,0
CVVSDLSGNTGKLIF,CASSADRGDTDTQYF,TRAV8-2*01,TRAJ37*01,TRBV4-3*01,TRBJ2-3*01,YLQPRTFLL,HLA-A*02:01,0
CAIDNAGNMLTF,CASSQTATTGPGSPLHF,TRAV38-2/DV8*01,TRAJ39*01,TRBV6-1*01,TRBJ1-6*01,LLWNGPMAV,HLA-A*02:01,1
CVVNYGSGGGSQGNLIF,CSVEGGQVASNEQFF,TRAV12-1*01,TRAJ42*01,TRBV29-1*01,TRBJ2-1*01,YLQPRTFLL,HLA-A*02:01,0
CAARSGYGGSQGNLIF,CASSQEWGQMNQPQHF,TRAV29/DV5*01,TRAJ42*01,TRBV4-1*01,TRBJ1-5*01,NLVPMVATV,HLA-A*02:01,0
CGADPLRGSTLGRLYF,CASSPLGVGLQPQHF,TRAV34*01,TRAJ18*01,TRBV3-1*01,TRBJ1-5*01,NLVPMVATV,HLA-A*02:01,0
CAYTSGTYKYIF,CATSPGQGFYNEQFF,TRAV38-1*01,TRAJ40*01,TRBV15*01,TRBJ2-1*01,ATDALMTGF,HLA-A*01:01,0
CAVNSGGYQKVTF,CASSFENTGELFF,TRAV1-2*01,TRAJ13*01,TRBV28*01,TRBJ2-2*01,TTDPSFLGRY,HLA-A*01:01,1
CAVNIDNMDSNYQLIW,CASSVGGEAYEQYF,TRAV12-2*01,TRAJ33*01,TRBV9*01,TRBJ2-7*01,GLCTLVAML,HLA-A*02:01,1
CAETPYSSASKIIF,CASSVGQGTLLNTEAFF,TRAV5*01,TRAJ3*01,TRBV5-1*01,TRBJ1-1*01,GILGFVFTL,HLA-A*02:01,0
CAVATDSWGKLQF,CASSQQNQPQHF,TRAV21*01,TRAJ24*01,TRBV5-1*01,TRBJ1-5*01,SPRWYFYYL,HLA-B*07:02,0
CAGESKTTDSWGKLQF,CASSLYDRITDTQYF,TRAV27*01,TRAJ24*01,TRBV5-8*01,TRBJ2-3*01,RAQAPPPSW,HLA-B*57:01,1
CAAISNTGKLIF,CASSIRSGETQYF,TRAV13-1*01,TRAJ37*01,TRBV19*01,TRBJ2-5*01,LLWNGPMAV,HLA-A*02:01,0
CAVALYKLSF,CASSLGALLQPQHF,TRAV8-3*01,TRAJ20*01,TRBV5-8*01,TRBJ1-5*01,GILGFVFTL,HLA-A*02:01,0
CATDAPGGYQKVTF,CASSPWTGTLNTEAFF,TRAV17*01,TRAJ3*01,TRBV18*01,TRBJ1-1*01,NLVPMVATV,HLA-A*02:01,1
CVHMDSNYQLIW,CSGRDREYEQYF,TRAV1-2*01,TRAJ33*01,TRBV20-1*01,TRBJ2-7*01,TTDPSFLGRY,HLA-A*01:01,0
CAVDPVGTYKYIF,CASSGATRGLTYEQYF,TRAV1-2*01,TRAJ40*01,TRBV6-1*01,TRBJ2-7*01,LLWNGPMAV,HLA-A*02:01,0
CATDVSYNTDKLIF,CASSFPVTAITGNTEAFF,TRAV17*01,TRAJ34*01,TRBV11-2*01,TRBJ1-1*01,TTDPSFLGRY,HLA-A*01:01,0
CAMREPVTGNQFYF,CASSLGTGTNYEQYF,TRAV14/DV4*01,TRAJ49*01,TRBV7-7*01,TRBJ2-7*01,NLVPMVATV,HLA-A*02:01,0
CAGNYGGSQGNLIF,CASSIRSTDTQYF,TRAV25*01,TRAJ42*01,TRBV19*01,TRBJ2-3*01,NLVPMVATV,HLA-A*02:01,0
CVVIHDKIIF,CASSPGTAYEQYF,TRAV12-1*01,TRAJ30*01,TRBV9*01,TRBJ2-7*01,SPRWYFYYL,HLA-B*07:02,0
CAVSWGNTDKLIF,CASSEFPGPSDGYTF,TRAV8-6*01,TRAJ34*01,TRBV6-1*01,TRBJ1-2*01,NLVPMVATV,HLA-A*02:01,0
CALIAGANSKLTF,CASSIAPTDTQYF,TRAV9-2*01,TRAJ56*01,TRBV19*02,TRBJ2-3*01,NLVPMVATV,HLA-A*02:01,0
CAMREFAANQAGTALIF,CASSQEGALYEQYF,TRAV14/DV4*01,TRAJ15*01,TRBV3-1*01,TRBJ2-7*01,NQKLIANQF,HLA-B*15:01,0
CALSGFTDKLIF,CASSLRDGYTDTQYF,TRAV19*01,TRAJ34*01,TRBV27*01,TRBJ2-3*01,GILGFVFTL,HLA-A*02:01,0
CLVGVRRSNDYKLSF,CASSQEAGFWGEQYF,TRAV4*01,TRAJ20*01,TRBV3-1*01,TRBJ2-7*01,NLVPMVATV,HLA-A*02:01,0
CAVKDYKLSF,CASSPNPIELAGTYNEQFF,TRAV1-2*01,TRAJ20*01,TRBV5-1*01,TRBJ2-1*01,GILGFVFTL,HLA-A*02:01,0
CAGPMKTSYDKVIF,CASSSAFYGYTF,TRAV35*01,TRAJ50*01,TRBV11-1*01,TRBJ1-2*01,GILGFVFTL,HLA-A*02:01,0
CVVNGADKLIF,CARGLANTGELFF,TRAV12-1*01,TRAJ34*01,TRBV7-9*01,TRBJ2-2*01,CINGVCWTV,HLA-A*02:01,0
CAGAVGSSNTGKLIF,CASSIRSGYEQYF,TRAV27*01,TRAJ37*01,TRBV19*02,TRBJ2-7*01,GILGFVFTL,HLA-A*02:01,1
CLVGDRGFQKLVF,CASSLTGTGRVDTQYF,TRAV4*01,TRAJ8*01,TRBV5-1*01,TRBJ2-3*01,NLVPMVATV,HLA-A*02:01,0
CAVPGNNDMRF,CASSNPGPWGSPLHF,TRAV39*01,TRAJ43*01,TRBV6-5*01,TRBJ1-6*01,LTDEMIAQY,HLA-A*01:01,1
CAVRDISDYKLSF,CASGFPGAGQPQHF,TRAV3*01,TRAJ20*01,TRBV5-8*01,TRBJ1-5*01,GLCTLVAML,HLA-A*02:01,0
CVVNEDSNYQLIW,CASSLDGSFYEQYF,TRAV12-1*01,TRAJ33*01,TRBV11-3*01,TRBJ2-7*01,TPRVTGGGAM,HLA-B*07:02,0
CAASTSGGYQKVTF,CASSLDSYNEQFF,TRAV13-1*01,TRAJ13*01,TRBV27*01,TRBJ2-1*01,YLQPRTFLL,HLA-A*02:01,0
CAASVIPSGSARQLTF,CASSPTGRGQPQHF,TRAV29/DV5*01,TRAJ22*01,TRBV3-1*01,TRBJ1-5*01,HPVTKYIM,HLA-A*02:01,1
CAGVDGGATNKLIF,CASWIGQRPYGYTF,TRAV27*01,TRAJ32*01,TRBV19*01,TRBJ1-2*01,NLVPMVATV,HLA-A*02:01,0
CIVRPRWDSNYQLIW,CASSQAPSMEPNEQFF,TRAV26-1*01,TRAJ33*01,TRBV4-1*01,TRBJ2-1*01,CINGVCWTV,HLA-A*02:01,0
CAGAGGGSQGNLIF,CASSRRSTDTQYF,TRAV27*01,TRAJ42*01,TRBV19*01,TRBJ2-3*01,GILGFVFTL,HLA-A*02:01,1
CAVNDNDMRF,CASSSALAYEQYF,TRAV12-2*01,TRAJ43*01,TRBV6-5*01,TRBJ2-7*01,GILGFVFTL,HLA-A*02:01,0
CAVYSNSGYALNF,CSVGTGGTNEKLFF,TRAV21*01,TRAJ41*01,TRBV29-1*01,TRBJ1-4*01,ATDALMTGF,HLA-A*01:01,0
CAGPDLYNFNKFYF,CASSLERAVSYNEQFF,TRAV35*01,TRAJ21*01,TRBV7-8*01,TRBJ2-1*01,NYNYLYRLF,HLA-A*24:02,0
CAYTSGGSNYKLTF,CASSSRQGPKEYGYTF,TRAV38-2/DV8*01,TRAJ53*01,TRBV7-6*01,TRBJ1-2*01,GILGFVFTL,HLA-A*02:01,0
CAIGFQKLVF,CASSLPKTINSEQYF,TRAV12-3*01,TRAJ8*01,TRBV28*01,TRBJ2-7*01,GILGFVFTL,HLA-A*02:01,1
CAVSSDKIIF,CSASLKADEQFF,TRAV12-2*01,TRAJ30*01,TRBV20-1*01,TRBJ2-1*01,LLWNGPMAV,HLA-A*02:01,1
CAVIGGATNKLIF,CASSQDLAGPSQLYSGNTIYF,TRAV3*01,TRAJ32*01,TRBV4-3*01,TRBJ1-3*01,NQKLIANQF,HLA-B*15:01,0
CILRPLRGGYQKVTF,CASSNGLAGTYNEQFF,TRAV26-2*01,TRAJ13*01,TRBV9*01,TRBJ2-1*01,LLWNGPMAV,HLA-A*02:01,0
CAVDSGNTPLVF,CASSQAGGYGYTF,TRAV39*01,TRAJ29*01,TRBV4-1*01,TRBJ1-2*01,YLQPRTFLL,HLA-A*02:01,0
CAVRDLEYGNKLVF,CASSLASGPNQPQHF,TRAV3*01,TRAJ47*01,TRBV6-5*01,TRBJ1-5*01,TTDPSFLGRY,HLA-A*01:01,0
CAVAMDSNYQLIW,CASSQGLAGWSDTQYF,TRAV21*01,TRAJ33*01,TRBV4-3*01,TRBJ2-3*01,GLCTLVAML,HLA-A*02:01,0
CAVRPPLSYNTDKLIF,CASSRGAGKTQYF,TRAV3*01,TRAJ34*01,TRBV5-6*01,TRBJ2-5*01,GPRLGVRAT,HLA-B*07:02,0
CAAWYSSASKIIF,CASSLIAGGPNEQFF,TRAV13-1*01,TRAJ3*01,TRBV11-2*01,TRBJ2-1*01,NLVPMVATV,HLA-A*02:01,0
CAGADSSSNTGKLIF,CASSIRSAYEQYF,TRAV27*01,TRAJ37*01,TRBV19*02,TRBJ2-7*01,ATDALMTGF,HLA-A*01:01,0
CALLPGSGTASKLTF,CASSYGTGDLSYNEQFF,TRAV38-1*01,TRAJ44*01,TRBV7-8*01,TRBJ2-1*01,GILGFVFTL,HLA-A*02:01,0
CALSGALNSGYSTLTF,CASSLDSSYEQYF,TRAV19*01,TRAJ11*01,TRBV19*01,TRBJ2-7*01,NLVPMVATV,HLA-A*02:01,0
CAYRTPYGGSQGNLIF,CSARSVDSSNQPQHF,TRAV38-2/DV8*01,TRAJ42*01,TRBV20-1*01,TRBJ1-5*01,NQKLIANQF,HLA-B*15:01,0
CAAPNDMRF,CASSQAGAYEQYF,TRAV13-1*01,TRAJ43*01,TRBV6-3*01,TRBJ2-7*01,YLQPRTFLL,HLA-A*02:01,0
CAEDNNARLMF,CSARIGVGNTIYF,TRAV5*01,TRAJ31*01,TRBV20-1*01,TRBJ1-3*01,YLQPRTFLL,HLA-A*02:01,0
CAENQINNDMRF,CSARGLVESSYNEQFF,TRAV5*01,TRAJ43*01,TRBV20-1*01,TRBJ2-1*01,SPRWYFYYL,HLA-B*07:02,0
CAMREGIDGANNLFF,CASSLQTGTTMTQETQYF,TRAV14/DV4*01,TRAJ36*01,TRBV27*01,TRBJ2-5*01,GLCTLVAML,HLA-A*02:01,0
CAGWPLYGQNFVF,CASSSGTGGFNQPQHF,TRAV25*01,TRAJ26*01,TRBV27*01,TRBJ1-5*01,GPRLGVRAT,HLA-B*07:02,1
CAVTPRSYIPTF,CASSLGQGFTGELFF,TRAV8-6*02,TRAJ6*01,TRBV28*01,TRBJ2-2*01,CINGVCWTV,HLA-A*02:01,0
CAVEGGKLIF,CSVEGRGTDTQYF,TRAV12-2*01,TRAJ23*01,TRBV29-1*01,TRBJ2-3*01,LLWNGPMAV,HLA-A*02:01,1
CAAFNNQGGKLIF,CASTVGQGTSYEQYF,TRAV12-2*01,TRAJ23*01,TRBV2*01,TRBJ2-7*01,LLWNGPMAV,HLA-A*02:01,0
CADSSSNTGKLIF,CASSGRSQETQYF,TRAV3*01,TRAJ37*01,TRBV19*01,TRBJ2-5*01,CINGVCWTV,HLA-A*02:01,0
CLVGEPLGGGGNKLTF,CASSLARGTEAFF,TRAV4*01,TRAJ10*01,TRBV5-6*01,TRBJ1-1*01,CINGVCWTV,HLA-A*02:01,1
CAMREVMDSNYQLIW,CASSVGGLAGGVETQYF,TRAV14/DV4*01,TRAJ33*01,TRBV9*01,TRBJ2-5*01,NLVPMVATV,HLA-A*02:01,0
CAAGGPGAGNMLTF,CASTLAGGHNEQFF,TRAV12-2*01,TRAJ39*01,TRBV27*01,TRBJ2-1*01,GILGFVFTL,HLA-A*02:01,0
CAMREVPRGASKLTF,CASSSPKGAKYEQYF,TRAV14/DV4*01,TRAJ44*01,TRBV28*01,TRBJ2-7*01,LLWNGPMAV,HLA-A*02:01,0
CAVEPGLVF,CASSREAPGNNEQFF,TRAV2*01,TRAJ8*01,TRBV4-1*01,TRBJ2-1*01,TTDPSFLGRY,HLA-A*01:01,0
CAMSVYNTDKLIF,CASSLDGGTGGDYGYTF,TRAV14/DV4*01,TRAJ34*01,TRBV11-2*01,TRBJ1-2*01,YLQPRTFLL,HLA-A*02:01,0
CAAYGNNRLAF,CAWSAGQGVTDTQYF,TRAV9-2*01,TRAJ7*01,TRBV30*01,TRBJ2-3*01,GILGFVFTL,HLA-A*02:01,0
CAGDRRKLHTTF,CASSLGATWTSNTEAFF,TRAV27*01,TRAJ6*01,TRBV7-8*02,TRBJ1-1*01,TTDPSFLGRY,HLA-A*01:01,0
CAVFTGNQFYF,CASSSPGAFF,TRAV12-2*01,TRAJ49*01,TRBV7-9*01,TRBJ1-1*01,NLVPMVATV,HLA-A*02:01,0
CALSDPISGNTPLVF,CASSLLAGDFTGELFF,TRAV19*01,TRAJ29*01,TRBV7-8*01,TRBJ2-2*01,ATDALMTGF,HLA-A*01:01,0
CAVGSWDSGGSNYKLTF,CASSMFHSGNTIYF,TRAV36/DV7*01,TRAJ53*01,TRBV19*01,TRBJ1-3*01,GILGFVFTL,HLA-A*02:01,1
CAVGGYGGSQGNILF,CASSIRSAYEQYF,TRAV8-1*01,TRAJ42*01,TRBV19*01,TRBJ2-7*01,GILGFVFTL,HLA-A*02:01,1
CAGAGGGSQGNLIF,CASSKRSTDTQYF,TRAV27*01,TRAJ42*01,TRBV19*02,TRBJ2-3*01,GILGFVFTL,HLA-A*02:01,1
CADFGNEKLTF,CSAREWAWEETQYF,TRAV38-2/DV8*01,TRAJ48*01,TRBV20-1*01,TRBJ2-5*01,KSKRTPMGF,HLA-B*57:01,0
CATGFGNVLHC,CASSSRATNEKLFF,TRAV9-2*01,TRAJ35*01,TRBV27*01,TRBJ1-4*01,NYNYLYRLF,HLA-A*24:02,0
CATDGLSNFGNEKLTF,CASSFGQQETQYF,TRAV17*01,TRAJ48*01,TRBV12-4*01,TRBJ2-5*01,LLWNGPMAV,HLA-A*02:01,0
CAAYSPAGGGADGLTF,CASSYSGTNQPQHF,TRAV13-1*01,TRAJ45*01,TRBV6-2*01,TRBJ1-5*01,GILGFVFTL,HLA-A*02:01,0
CAVLSSYNTDKLIF,CASSRGTVGAFF,TRAV41*01,TRAJ34*01,TRBV18*01,TRBJ1-1*01,LTDEMIAQY,HLA-A*01:01,0
CAVNDGASKIIF,CASSPSGREETQYF,TRAV12-2*01,TRAJ3*01,TRBV9*01,TRBJ2-5*01,ATDALMTGF,HLA-A*01:01,0
CALSEDDRGSTLGRLYF,CASSERELRTDTQYF,TRAV19*01,TRAJ18*01,TRBV9*01,TRBJ2-3*01,ATDALMTGF,HLA-A*01:01,0
CAEFTRGFKTIF,CASSLGGEDVNTEAFF,TRAV5*01,TRAJ9*01,TRBV7-8*01,TRBJ1-1*01,GILGFVFTL,HLA-A*02:01,0
CAYRSPYYSGGGADGLTF,CASSFGDRGREKLFF,TRAV38-2/DV8*01,TRAJ45*01,TRBV7-2*01,TRBJ1-4*01,YLQPRTFLL,HLA-A*02:01,1
CAEDNNARLMF,CSARSGQGNDYTF,TRAV5*01,TRAJ31*01,TRBV20-1*01,TRBJ1-2*01,CINGVCWTV,HLA-A*02:01,0
CVVNMDAGGTSYGKLTF,CASSLNVPENTEAFF,TRAV12-1*01,TRAJ52*01,TRBV5-1*01,TRBJ1-1*01,CINGVCWTV,HLA-A*02:01,0
CLSGLIW,CASSYEAQETQYF,TRAV1-1*01,TRAJ38*01,TRBV6-2*01,TRBJ2-5*01,ATDALMTGF,HLA-A*01:01,0
CVVIHDKIIF,CASSPGTAYEQYF,TRAV12-1*01,TRAJ30*01,TRBV9*01,TRBJ2-7*01,GPRLGVRAT,HLA-B*07:02,0
CAAPPYSGAGSYQLTF,CAIRERQFCRYF,TRAV13-1*01,TRAJ28*01,TRBV10-3*01,TRBJ2-7*01,TTDPSFLGRY,HLA-A*01:01,1
CATFTYNAGNNRKLIW,CASGRPGNTEAFF,TRAV17*01,TRAJ38*01,TRBV12-3*01,TRBJ1-1*01,NYNYLYRLF,HLA-A*24:02,0
CAGGRQTGANNLFF,CASSYLEGSETQETQYF,TRAV27*01,TRAJ36*01,TRBV6-3*01,TRBJ2-5*01,GILGFVFTL,HLA-A*02:01,1
CAMREGQGGADGLTF,CASSLRGGGEGSGYTF,TRAV14/DV4*01,TRAJ45*01,TRBV13*01,TRBJ1-2*01,GILGFVFTL,HLA-A*02:01,0
CAGEGGSEKLVF,CSASGSGGKTEAFF,TRAV27*01,TRAJ57*01,TRBV20-1*01,TRBJ1-1*01,NLVPMVATV,HLA-A*02:01,0
CAVGDDKIIF,CASSYVRASYGYTF,TRAV12-2*01,TRAJ30*01,TRBV6-5*01,TRBJ1-2*01,CINGVCWTV,HLA-A*02:01,0
CAVTRNNDMRF,CASSWGGAYEQYF,TRAV12-2*01,TRAJ43*01,TRBV5-4*01,TRBJ2-7*01,CINGVCWTV,HLA-A*02:01,0
CATDGRGGGNKLTF,CSASTSDPYEQYF,TRAV17*01,TRAJ10*01,TRBV20-1*01,TRBJ2-7*01,GLCTLVAML,HLA-A*02:01,0
CAGATSGTYKYIF,CSVEAGWNTGELFF,TRAV27*01,TRAJ40*01,TRBV29-1*01,TRBJ2-2*01,NLVPMVATV,HLA-A*02:01,0
CAMREVGGHNNARLMF,CASSPFPGTANTGELFF,TRAV14/DV4*01,TRAJ31*01,TRBV7-7*01,TRBJ2-2*01,LTDEMIAQY,HLA-A*01:01,0
CAMSPGSSNTGKLIF,CASSVGYNQPQHF,TRAV12-3*01,TRAJ37*01,TRBV6-1*01,TRBJ1-5*01,KSKRTPMGF,HLA-B*57:01,0
CAITSYDKVIF,CASSFLEPHSTGELFF,TRAV9-2*01,TRAJ50*01,TRBV5-8*01,TRBJ2-2*01,YLQPRTFLL,HLA-A*02:01,0
CAVPSGGSYIPTF,CASSLVQGNSPLHF,TRAV12-2*01,TRAJ6*01,TRBV7-9*01,TRBJ1-6*01,GILGFVFTL,HLA-A*02:01,0
CALKDYGQNFVF,CASSLYPGTAEGGYTF,TRAV16*01,TRAJ26*01,TRBV27*01,TRBJ1-2*01,CINGVCWTV,HLA-A*02:01,0
CAVRVYSSASKIIF,CASSLKGGGNQPQHF,TRAV3*01,TRAJ3*01,TRBV12-4*01,TRBJ1-5*01,GILGFVFTL,HLA-A*02:01,0
CATGPIYGGSQGNLIF,CSASQDPYEQYF,TRAV17*01,TRAJ42*01,TRBV20-1*01,TRBJ2-7*01,TTDPSFLGRY,HLA-A*01:01,0
CAFFPRSSTLGRLYF,CATLGTSGHNEQFF,TRAV24*01,TRAJ18*01,TRBV15*01,TRBJ2-1*01,YLQPRTFLL,HLA-A*02:01,1
CAASRATGTASKLTF,CASSPEGGGSNSPLHF,TRAV13-1*01,TRAJ44*01,TRBV7-2*01,TRBJ1-6*01,KSKRTPMGF,HLA-B*57:01,0
CALSEVQLMDSNYQLIW,CASSIYSGQPQHF,TRAV19*01,TRAJ33*01,TRBV19*02,TRBJ1-5*01,LLWNGPMAV,HLA-A*02:01,0
CAASASGNQFYF,CASSPIGSGGVQFF,TRAV29/DV5*01,TRAJ49*01,TRBV4-3*01,TRBJ2-1*01,LLWNGPMAV,HLA-A*02:01,0
CAVLDSNYQLIW,CASSDSNQGGNEQFF,TRAV1-2*01,TRAJ33*01,TRBV6-4*01,TRBJ2-1*01,TTDPSFLGRY,HLA-A*01:01,0
CAGPDFGNEKLTF,CASSIGLLNEKLFF,TRAV35*01,TRAJ48*01,TRBV4-1*01,TRBJ1-4*01,NLVPMVATV,HLA-A*02:01,0
CAYRSLYGGSQGNLIF,CASSQERNSNQPQHF,TRAV38-2/DV8*01,TRAJ42*01,TRBV4-1*01,TRBJ1-5*01,ATDALMTGF,HLA-A*01:01,1
CAAGGSQGNLIF,CASSIRSSYEQYF,TRAV27*01,TRAJ42*01,TRBV19*01,TRBJ2-7*01,HPVTKYIM,HLA-A*02:01,0
CAAGRDDKIIF,CASSSMTSGIRYEQYF,TRAV12-2*01,TRAJ30*01,TRBV6-2*01,TRBJ2-7*01,YLQPRTFLL,HLA-A*02:01,0
CLVGANTGNQFYF,CASSLAGVPNEQFF,TRAV4*01,TRAJ49*01,TRBV11-2*01,TRBJ2-1*01,GILGFVFTL,HLA-A*02:01,0
CVVNDLDDMRF,CASSPDSEQYF,TRAV12-1*01,TRAJ43*01,TRBV7-9*01,TRBJ2-7*01,LTDEMIAQY,HLA-A*01:01,0
CAALAGTASKLTF,CSVVPLAGPYEQYF,TRAV13-1*01,TRAJ44*01,TRBV29-1*01,TRBJ2-7*01,SPRWYFYYL,HLA-B*07:02,1
CAVGSMGGGYQKVTF,CASSQYRETSDTQYF,TRAV8-3*01,TRAJ13*01,TRBV4-1*01,TRBJ2-3*01,NLVPMVATV,HLA-A*02:01,0
CGGVPVDSNYQLIW,CASSPGANTGELFF,TRAV34*01,TRAJ33*01,TRBV7-3*01,TRBJ2-2*01,TTDPSFLGRY,HLA-A*01:01,0
CVVNGKDSSYKLIF,CASSEGQVLPGEQYF,TRAV12-1*01,TRAJ12*01,TRBV2*01,TRBJ2-7*01,GLCTLVAML,HLA-A*02:01,1
CALRGDKLIF,CASTSGGTYNEQFF,TRAV18*01,TRAJ34*01,TRBV28*01,TRBJ2-1*01,GILGFVFTL,HLA-A*02:01,0
CAVRDEGGGSYIPTF,CASKDLRASNQPQHF,TRAV1-2*01,TRAJ6*01,TRBV19*01,TRBJ1-5*01,NLVPMVATV,HLA-A*02:01,0
CAVIVAAGNKLTF,CASSQRGGWETQYF,TRAV12-2*01,TRAJ17*01,TRBV27*01,TRBJ2-5*01,NQKLIANQF,HLA-B*15:01,0
CAVVDSNYQLIW,CASSYTSGGVETQYF,TRAV1-2*01,TRAJ33*01,TRBV6-6*01,TRBJ2-5*01,GILGFVFTL,HLA-A*02:01,0
CAVSEPSGAGSYQLTF,CAISRGNEQYF,TRAV8-6*01,TRAJ28*01,TRBV10-3*01,TRBJ2-7*01,GILGFVFTL,HLA-A*02:01,1
CAARGYPGSYQLTF,CSARESLRDEKLFF,TRAV29/DV5*01,TRAJ28*01,TRBV20-1*01,TRBJ1-4*01,ATDALMTGF,HLA-A*01:01,0
CAVSEGSNYQLIW,CASSQDPGVLYEQYF,TRAV8-4*01,TRAJ33*01,TRBV3-1*01,TRBJ2-7*01,ATDALMTGF,HLA-A*01:01,1
